CUSTOMER_NUMBER,CCAT_CODE,REGION_CODE,REP_CODE,SETTLE_TERMS,NORMAL_PAYTERMS,DISCOUNT,CREDIT_LIMIT
AACJ01,21,25b,ZZZ5,0.0,90,0,999999
AACJC1,21,25b,ZZZ5,0.0,120,0,999999
AACJC2,5,20a,CONS4,0.0,120,0,999999
AADPRG,6,21a,XX,0.0,120,0,999999
AAMI01,41,10a,02,0.0,120,0,2000
AAVN01,21,25b,ZZZ5,0.0,120,0,500
ABHG01,49,10a,02,0.0,120,0,1500
ABHG02,39,6a,04,0.0,120,0,2500
ABHN01,49,10a,02,0.0,120,0,1500
ABHN02,41,10a,02,0.0,30,0,500
ABLA01,21,25b,ZZZ5,0.0,120,0,3000
ABLE01,21,25b,ZZZ,0.0,120,0,500
ABRC01,31,8a,06,0.0,120,0,3000
ABRD01,39,6a,04,0.0,120,0,2000
ACHB01,4,1b,03,0.0,120,0,1000
ACHBC1,5,20a,CON3S,0.0,120,0,999999
ACHD01,21,25b,ZZZ5,0.0,120,0,2000
ACHP01,14,3b,06,0.0,120,0,12000
ACHR01,20,25a,CITC,0.0,120,0,3000
ACHR02,4,1b,03,0.0,120,0,999999
ACHT01,21,25b,ZZZ5,0.0,120,0,3000
ACHU01,20,25a,CITC,0.0,120,0,4000
ACHV01,43,3a,05,0.0,120,0,2500
ACHVC1,5,20a,CONS5,0.0,30,0,999999
ACHVOC,21,25b,ZZZ5,0.0,120,0,999999
ACLS01,20,25a,ZZZ2,0.0,120,0,0
ACLS02,39,6a,02,0.0,30,0,10000
ACLS03,37,11a,03,0.0,60,0,999999
ACLSC1,5,20a,ZZZ5,0.0,30,0,999999
ACLSOC,21,25b,ZZZ5,0.0,120,0,999999
ADIM01,45,2a,05,0.0,120,0,2000
ADIMOC,5,20a,STAND,0.0,120,0,999999
ADJG01,21,25b,ZZZ5,0.0,120,0,999999
AEVN01,21,25b,ZZZ5,0.0,120,0,2000
AFRM01,30,7a,05,0.0,120,0,15000
AFRM02,30,7a,05,0.0,120,0,7500
AFRM03,21,25b,ZZZ5,0.0,120,0,5000
AFRM05,2,1a,03,0.0,120,0,10000
AFRM06,21,25b,ZZZ5,0.0,120,0,10000
AFRM07,36,7c,05,0.0,120,0,3000
AFRM08,43,3a,05,0.0,120,0,1500
AFRM09,21,25b,ZZZ2,0.0,120,0,0
AFRM10,30,7a,05,0.0,120,0,10000
AFRMC1,5,20a,CONS5,0.0,60,0,999999
AFRMOC,5,20a,ZZZ5,0.0,30,0,999999
AFRN01,5,20a,CONS2,0.0,120,0,999999
AFRN02,21,25b,ZZZ5,0.0,120,0,5000
AFRN03,20,25a,ZZZ4,0.0,120,0,1000
AFRN04,20,25a,ZZZ2,0.0,120,0,3000
AFRN05,36,7c,05C,0.0,120,0,10000
AFRNOC,5,20a,CONS5,0.0,30,0,10000
AGQD01,20,25a,ZZZ3,0.0,120,0,10000
AGRN01,1,9a,01,0.0,60,0,999999
AGRNC1,5,20a,CONS5,0.0,60,0,999999
AGRY01,46,2b,05,0.0,120,0,5000
AGRYCO,5,20a,CONS5,0.0,120,0,999999
AGUR01,21,25b,ZZZ5,0.0,120,0,1000
AGUROC,21,25b,ZZZ5,0.0,30,0,999999
AGXM01,20,25a,CITC,0.0,120,0,7500
AGYN01,49,10a,02,0.0,120,0,2500
AHEL01,33,1d,03,0.0,120,0,4000
AHET01,2,1a,03,0.0,120,0,5000
AICR01,21,25b,ZZZ5,0.0,120,0,3000
AICR02,31,8a,06,0.0,120,0,1000
AICR03,21,25b,ZZZ5,0.0,120,0,500
AICR04,46,2b,03,0.0,120,0,500
AICR05,31,8a,06,0.0,120,0,999999
AICR06,21,25b,ZZZ5,0.0,120,0,10000
AICR07,41,10a,02,0.0,120,0,3000
AICR08,46,2b,03,0.0,30,0,5000
AICR09,31,8a,ZZZ,0.0,120,0,6000
AICRC1,21,25b,ZZZ5,0.0,30,0,999999
AICROC,21,25b,ZZZ5,0.0,120,0,999999
AJEN01,42,10b,02,0.0,120,0,2000
AKER01,36,7c,05,0.0,120,0,3000
AKER02,21,25b,ZZZ5,0.0,120,0,4000
AKER03,21,25b,ZZZ5,0.0,120,0,5000
AKEY01,21,25b,04,0.0,120,0,1000
AKGK01,31,8a,06,0.0,120,0,3000
AKGR01,21,25b,ZZZ5,0.0,120,0,0
AKHI01,21,25b,ZZZ5,0.0,120,0,2000
AKHN01,41,10a,02,0.0,120,0,20000
AKHN02,41,10a,02,0.0,120,0,3000
AKHN03,43,3a,05,0.0,120,0,5000
AKHN04,40,6b,04,0.0,120,0,2000
AKHN05,49,10a,02,0.0,120,0,2000
AKHN06,21,25b,ZZZ5,0.0,120,0,0
AKHN07,41,10a,02,0.0,120,0,999999
AKHN08,4,1b,03,0.0,120,0,3000
AKHNC1,5,20a,CONS2,0.0,30,0,999999
AKHNOC,21,25b,ZZZ5,0.0,120,0,999999
AKWN01,31,8a,06,0.0,120,0,2500
AMAK01,43,3a,06,0.0,60,0,999999
AMAR01,40,6b,04,0.0,120,0,4000
AMAR02,40,6b,04,0.0,120,0,5000
AMARC1,21,25b,ZZZ5,0.0,120,0,999999
AMIOOC,5,20a,CONS5,0.0,30,0,999999
AMKN01,20,25a,CITC,0.0,120,0,16000
AMKN02,34,1e,03,0.0,120,0,2000
AMKNOC,5,20a,STAN2,0.0,120,0,999999
AMMB01,19,4b,06,0.0,120,0,15000
AMMB02,21,25b,ZZZ5,0.0,120,0,0
AMOG01,47,2c,06,0.0,120,0,5000
AMOL01,46,2b,03,0.0,120,0,15000
ANKD01,4,1b,03,0.0,120,0,5000
ANKM01,34,1e,03,0.0,120,0,2000
ANSLES,6,21a,STOCK,0.0,30,0,999999
ANYT01,41,10a,02,0.0,30,0,4000
APHR01,21,25b,ZZZ5,0.0,120,0,2000
APHT01,19,4b,03,0.0,60,0,999999
APLZ01,31,8a,06,0.0,30,0,18000
AQWQ01,42,10b,02,0.0,120,0,12000
AREL01,32,7b,05C,0.0,120,0,15000
AREL02,40,6b,04,0.0,120,0,15000
AREL03,21,25b,06,0.0,120,0,15000
AREL04,32,7b,05,0.0,120,0,10000
AREL05,36,7c,05,0.0,120,0,10000
ARELCO,5,20a,CONS5,0.0,120,0,999999
ARELWM,21,25b,ZZZ5,0.0,30,0,999999
ASEP01,40,6b,04,0.0,120,0,2000
ASEP02,21,25b,04C,0.0,120,0,3000
ASEPOC,5,20a,ZZZ5,0.0,120,0,999999
ASHB01,20,25a,CITC,0.0,120,0,0
ASHD02,40,6b,04,0.0,30,0,2500
ASHE01,29,5a,01EXP,0.0,120,0,5000
ASHI01,46,2b,03,0.0,120,0,2000
ASHI02,4,1b,03,0.0,30,0,2500
ASHN01,5,20a,02C,0.0,120,0,3000
ASHNC1,5,20a,CON2S,0.0,120,0,999999
ASHNOC,21,25b,ZZZ5,0.0,120,0,999999
ASHP01,31,8a,06,0.0,120,0,5000
ASHR02,49,10a,02,0.0,120,0,1000
ASHR03,14,3b,06,0.0,120,0,2000
ASIN01,41,10a,02,0.0,120,0,1500
ASLB01,39,6a,04,0.0,120,0,4000
ASLB02,39,6a,04,0.0,120,0,2500
ASLB03,40,6b,04,0.0,120,0,1500
ASLB04,39,6a,04,0.0,120,0,4000
ASLB05,39,6a,04,0.0,120,0,5000
ASMROC,5,20a,CONS2,0.0,30,0,999999
ASPRES,5,20a,STOCK,0.0,120,0,999999
ASTC01,21,25b,ZZZ5,0.0,120,0,2000
ASTL01,40,6b,04C,0.0,120,0,2000
ASTLC1,5,20a,CONS4,0.0,30,0,999999
ASTLOC,21,25b,ZZZ5,0.0,120,0,999999
ASTN01,30,7a,05,0.0,120,0,7500
ASTN04,45,2a,06,0.0,120,0,7500
ASTN07,21,25b,ZZZ5,0.0,120,0,3000
ASTNC1,5,20a,STAND,0.0,30,0,999999
ASTNC2,5,20a,CONS5,0.0,120,0,999999
ASTNC3,5,20a,CONS5,0.0,120,0,999999
ASTNOC,21,25b,ZZZ5,0.0,120,0,999999
ASWN02,18,4a,06,0.0,120,0,7500
ASWZ01,25,11b,06,0.0,120,0,4000
ATEM01,37,11a,03,0.0,120,0,30000
ATHM01,49,10a,02,0.0,120,0,1000
ATHT01,21,25b,ZZZ5,0.0,120,0,0
ATLK01,25,11b,06,0.0,120,0,3000
ATLL01,4,1b,03,0.0,120,0,1000
ATRV01,21,25b,ZZZ5,0.0,120,0,5000
ATSG01,33,1d,03,0.0,120,0,2000
ATYL02,21,25b,ZZZ5,0.0,120,0,5000
ATYL03,40,6b,04,0.0,30,0,5000
ATYLC1,5,20a,CON4S,0.0,120,0,999999
AVAL01,45,2a,06,0.0,120,0,500
AVAL02,45,2a,06,0.0,120,0,2000
AVAL04,45,2a,06,0.0,120,0,2000
AZWV01,21,25b,ZZZ5,0.0,120,0,4000
BABR01,36,7c,05,0.0,60,0,6000
BABR02,21,25b,ZZZ5,0.0,60,0,10000
BBII01,47,2c,06,0.0,120,0,999999
BCAI01,33,1d,03,0.0,120,0,999999
BDEB01,41,10a,02,0.0,120,0,3000
BDEE01,21,25b,ZZZ5,0.0,120,0,2000
BDEE02,21,25b,ZZZ1,0.0,120,0,0
BDEE03,21,25b,ZZZ5,0.0,120,0,1000
BDER01,34,1e,03,0.0,120,0,20000
BDER02,21,25b,ZZZ2,0.0,120,0,5000
BDER03,34,1e,03,0.0,120,0,999999
BDES01,21,25b,ZZZ5,0.0,120,0,0
BDOS01,43,3a,06,0.0,120,0,4500
BEMA01,21,25b,ZZZ5,0.0,120,0,0
BEYE02,19,4b,03,0.0,120,0,7500
BGAO01,21,25b,ZZZ5,0.0,120,0,20000
BGIR01,21,25b,ZZZ5,0.0,120,0,500
BGIS01,41,10a,02,0.0,120,0,500
BHAE01,19,4b,03,0.0,120,0,10000
BHAEOC,5,20a,STAN2,0.0,120,0,999999
BJMO01,21,25b,ZZZ5,0.0,120,0,5000
BJOI01,21,25b,ZZZ5,0.0,120,0,1000
BKOR01,21,25b,ZZZ5,0.0,120,0,20000
BKOROC,5,20a,CONS2,0.0,30,0,999999
BKUJ01,31,8a,06,0.0,120,0,5000
BLAU01,47,2c,06,0.0,120,0,3500
BLAU02,47,2c,06,0.0,120,0,5000
BLEO01,20,25a,CITC,0.0,120,0,15000
BMAI01,18,4a,06,0.0,120,0,999999
BMAO01,21,25b,03,0.0,120,0,5000
BMAU01,37,11a,03,0.0,120,0,5000
BMOE01,21,25b,ZZZ1,0.0,120,0,5000
BMOI01,32,7b,05,0.0,120,0,1000
BNAO01,21,25b,ZZZ5,0.0,120,0,2000
BNSIRG,13,9a,SALE,0.0,120,0,999999
BRAA01,42,10b,02,0.0,120,0,5000
BRAO01,18,4a,06,0.0,120,0,30000
BROA01,40,6b,04C,0.0,120,0,5000
BROA02,21,25b,ZZZ5,0.0,120,0,5000
BROAC1,5,20a,CONS4,0.0,30,0,999999
BROAOC,5,20a,CON4S,0.0,30,0,999999
BROE01,21,25b,ZZZ5,0.0,120,0,5000
BROI01,32,7b,05,0.0,120,0,4000
BROI02,14,3b,06,0.0,120,0,7500
BSAE01,21,25b,ZZZ5,0.0,120,0,3000
BSEA01,45,2a,06,0.0,120,0,2500
BSUR01,41,10a,02,0.0,120,0,999999
BURA01,32,7b,05C,0.0,30,0,1000
BURAOC,5,20a,CONS5,0.0,120,0,999999
BZUA01,2,1a,03,0.0,120,0,999999
CADO01,46,2b,05,0.0,120,0,10000
CADO02,32,7b,05,0.0,120,0,10000
CADOC1,5,20a,CON5S,0.0,120,0,999999
CADOOC,5,20a,CON5S,0.0,120,0,999999
CANH01,20,25a,ZZZ2,0.0,120,0,2000
CBAH01,21,25b,ZZZ5,0.0,120,0,1500
CBAH02,21,25b,ZZZ5,0.0,120,0,2000
CBFB01,14,3b,06,0.0,120,0,10000
CBUH01,40,6b,04C,0.0,120,0,4000
CBUH02,40,6b,04C,0.0,120,0,4000
CBUH03,21,25b,ZZZ5,0.0,120,0,15000
CBUH04,40,6b,04C,0.0,120,0,999999
CBUHC1,5,20a,ZZZ5,0.0,30,0,999999
CBUHC2,5,20a,CONS4,0.0,30,0,999999
CBUHOC,21,25b,ZZZ5,0.0,30,0,999999
CDIH01,43,3a,06,0.0,120,0,1000
CDIHC1,5,20a,CON6S,0.0,120,0,999999
CEXL01,14,3b,06,0.0,120,0,999999
CFIK01,40,6b,04,0.0,120,0,2000
CFMH01,21,25b,ZZZ5,0.0,120,0,1000
CFOU01,20,25a,CITC,0.0,120,0,1000
CHAK01,20,25a,ZZZ4,0.0,120,0,0
CHAK02,20,25a,ZZZ4,0.0,120,0,2500
CJAO01,30,7a,05,0.0,120,0,5000
CKDO01,36,7c,05,0.0,120,0,10000
CKOH01,21,25b,ZZZ5,0.0,120,0,1500
CKOK02,18,4a,07C,0.0,120,0,7500
CKOKOC,5,20a,CONS7,0.0,30,0,999999
CLOH01,16,1c,03,0.0,120,0,3000
CLOK01,21,25b,ZZZ5,0.0,120,0,2000
CMAK01,21,25b,ZZZ5,0.0,120,0,3000
CMCU01,16,1c,03,0.0,120,0,4000
CNIBCO,5,20a,CONS5,0.0,120,0,999999
CNIC01,21,25b,ZZZ5,0.0,120,0,0
CNIH01,21,25b,ZZZ5,0.0,120,0,25000
CNIH02,5,20a,XX,0.0,120,0,25000
CNIHC1,5,20a,XX,0.0,30,0,999999
CNIHCO,5,20a,CONS,0.0,120,0,999999
CNIHOC,5,20a,CONS,0.0,30,0,999999
COCH01,21,25b,ZZZ5,0.0,120,0,10000
COCH02,21,25b,ZZZ5,0.0,120,0,10000
COCH03,21,25b,ZZZ5,0.0,120,0,10000
COCH04,21,25b,ZZZ5,0.0,120,0,10000
COCH05,21,25b,ZZZ5,0.0,120,0,2500
COCH06,40,6b,04,0.0,120,0,50000
COCHC2,21,25b,ZZZ5,0.0,30,0,999999
COCHC3,21,25b,ZZZ5,0.0,30,0,999999
COCHC4,5,20a,CONS2,0.0,120,0,999999
COCHC5,5,20a,CONS2,0.0,120,0,999999
COCHCO,21,25b,ZZZ5,0.0,30,0,999999
COCHOC,5,20a,CONS2,0.0,30,0,999999
COCU01,32,7b,05,0.0,30,0,5000
CPAEOC,5,20a,CONS5,0.0,30,0,999999
CRIH01,47,2c,03,0.0,120,0,4000
CROO01,29,5a,01EXP,0.0,120,0,500
CSAK01,32,7b,05,0.0,120,0,3000
CSOEX1,5,20a,01,0.0,120,0,999999
CSOI01,21,25b,ZZZ,0.0,120,0,999999
CSPEN1,5,20a,CON3S,0.0,60,0,999999
CSPENT,5,20a,CONS3,0.0,60,0,999999
CTEH01,14,3b,06,0.0,120,0,3000
CTIK01,45,2a,06,0.0,30,0,2000
CVIT01,49,10a,02,0.0,120,0,2500
CWEK01,40,6b,04,0.0,120,0,5000
CZOC01,21,25b,ZZZ5,0.0,120,0,999999
DANE02,49,10a,02,0.0,120,0,3000
DBEW01,21,25b,ZZZ,0.0,120,0,4000
DBID01,39,6a,04,0.0,120,0,2500
DBOE01,43,3a,05,0.0,120,0,20000
DBOEC1,5,20a,CON5S,0.0,30,0,999999
DBUG01,39,6a,04,0.0,120,5,2500
DBUG02,21,25b,ZZZ5,0.0,120,5,3000
DBUG03,37,11a,03,0.0,30,0,999999
DDAAC1,6,21a,01,0.0,120,0,999999
DDAAOC,6,21a,01,0.0,30,0,20000
DDIA01,21,25b,ZZZ5,0.0,120,0,500
DELO01,4,1b,03,0.0,120,0,2500
DHAD01,21,25b,ZZZ5,0.0,120,0,2000
DHYR01,30,7a,05C,0.0,120,0,999999
DHYRC1,5,20a,CON5S,0.0,120,0,999999
DHYRC2,5,20a,CONS5,0.0,120,0,999999
DHYRC3,5,20a,CONS6,0.0,120,0,999999
DHYRC4,5,20a,CON5S,0.0,120,0,999999
DHYRC5,21,25b,ZZZ5,0.0,120,0,999999
DHYRC6,5,20a,CONS5,0.0,120,0,999999
DINE01,39,6a,02,0.0,120,0,3000
DINE02,32,7b,05,0.0,120,0,1500
DINU01,21,25b,ZZZ5,0.0,120,0,5000
DINU02,14,3b,06,0.0,120,0,999999
DJAA01,21,25b,ZZZ5,0.0,120,0,2000
DJAA02,43,3a,07,0.0,30,0,2500
DJAE01,21,25b,ZZZ5,0.0,120,0,0
DJAE02,41,10a,02,0.0,30,0,1000
DJAEOC,21,25b,ZZZ5,0.0,30,0,999999
DJUE01,31,8a,06,0.0,120,0,20000
DKOA01,30,7a,05,0.0,120,0,10000
DLEW01,37,11a,03,0.0,120,0,3000
DLEW02,2,1a,03,0.0,120,0,8000
DLEW03,34,1e,03,0.0,60,0,999999
DLEWC1,5,20a,CON3S,0.0,30,0,999999
DMAA01,20,25a,CITC,0.0,120,0,5000
DMAH01,43,3a,06,9.0,120,0,5000
DMAI01,43,3a,06,0.0,120,0,1500
DMAI02,2,1a,03,0.0,60,0,999999
DMAZ01,18,4a,06,0.0,120,0,1000
DMCO01,47,2c,06,0.0,120,0,10000
DMCOC1,5,20a,PROMO,0.0,30,0,999999
DMCOC2,5,20a,CONS6,0.0,120,0,999999
DMEF01,2,1a,03,0.0,120,0,5000
DMEI01,36,7c,05C,0.0,120,0,5000
DMEI02,21,25b,ZZZ5,0.0,120,0,2500
DMEI03,2,1a,03,0.0,120,0,1500
DMEI04,21,25b,ZZZ5,0.0,120,0,2000
DMEI05,21,25b,ZZZ5,0.0,120,0,1000
DMEI06,21,25b,ZZZ5,0.0,120,0,2000
DMEI07,2,1a,03,0.0,120,0,2000
DMEI08,21,25b,ZZZ5,0.0,120,0,500
DMEI09,21,25b,ZZZ5,0.0,120,0,1000
DMEI11,37,11a,03,0.0,120,0,5000
DMEI12,21,25b,ZZZ5,0.0,120,0,999999
DMEI13,29,5a,06,0.0,120,0,999999
DMEIC1,5,20a,CONS5,0.0,30,0,999999
DMEIC2,5,20a,CON3S,0.0,120,0,999999
DMEIOC,21,25b,ZZZ5,0.0,120,0,999999
DMIR01,36,7c,05,0.0,120,0,0
DMIRC1,21,25b,ZZZ5,0.0,30,0,999999
DMIROC,21,25b,ZZZ5,0.0,120,0,999999
DMOE02,21,25b,ZZZ5,0.0,120,0,3000
DMOI01,43,3a,06,0.0,120,0,0
DMOI02,19,4b,03,0.0,120,0,3000
DMOI03,46,2b,03,0.0,120,0,2500
DMOI04,30,7a,05,0.0,60,0,999999
DMUA01,19,4b,03,0.0,120,0,1500
DNAE01,21,25b,04,0.0,120,0,500
DOUS01,39,6a,04,0.0,120,0,1000
DPAA01,21,25b,ZZZ5,0.0,120,0,1500
DPAA02,49,10a,02,0.0,120,0,1500
DRAU01,39,6a,02,0.0,120,0,20000
DRAU02,21,25b,ZZZ5,0.0,120,0,10000
DRAUOC,5,20a,STAND,0.0,120,0,999999
DRED01,40,6b,04,0.0,120,0,3000
DRED02,41,10a,02,0.0,120,0,3000
DREDOC,5,20a,CONS2,0.0,120,0,999999
DREE01,40,6b,04,0.0,120,0,1500
DSAI01,16,1c,03,0.0,120,0,2000
DSEGOC,5,20a,STAND,0.0,120,0,999999
DSEI01,43,3a,06,0.0,30,0,3000
DSIN01,36,7c,05,0.0,120,0,1000
DSWE01,30,7a,05,0.0,120,0,10000
DVIA01,47,2c,06C,0.0,120,0,1000
DVIAC1,5,20a,CON6S,0.0,30,0,999999
DVIAOC,5,20a,CONS6,0.0,30,0,999999
DVIE01,21,25b,CAT03,0.0,120,0,1000
DVOA01,21,25b,ZZZ5,0.0,120,0,10000
DVOAC1,21,25b,ZZZ5,0.0,30,0,999999
DVOAOC,21,25b,ZZZ5,0.0,30,0,999999
DWAE02,21,25b,ZZZ5,0.0,120,0,1000
DWAE03,25,11b,06,0.0,120,0,2000
DWAE04,14,3b,06,0.0,120,0,6000
EACO01,29,5a,06,0.0,30,0,999999
EALX01,39,6a,02,0.0,120,0,20000
EALX03,36,7c,05C,0.0,120,0,0
EALXC1,21,25b,ZZZ5,0.0,30,0,999999
EALXC2,5,20a,CON2S,0.0,120,0,999999
EALXOC,21,25b,ZZZ5,0.0,30,0,999999
EAME01,42,10b,02,0.0,120,0,1000
EAMR01,1,9a,01N,0.0,120,0,999999
EBHK01,2,1a,03,0.0,120,0,999999
EBHK02,4,1b,03,0.0,120,0,5000
EBLC01,21,25b,ZZZ5,0.0,120,0,6000
EBLW01,21,25b,ZZZ5,0.0,120,0,1000
EBLW02,21,25b,ZZZ5,0.0,120,0,1000
EBRE01,21,25b,ZZZ5,0.0,120,5,999999
EBRE02,2,1a,03,0.0,120,0,2000
EBRNDS,12,21b,SAMPL,0.0,120,0,999999
EBRW01,21,25b,ZZZ5,0.0,120,0,3000
ECHC01,21,25b,ZZZ5,0.0,120,0,2000
ECHS01,21,25b,ZZZ5,0.0,120,0,999999
ECHT01,21,25b,ZZZ5,0.0,120,0,1000
ECHT02,49,10a,02,0.0,120,0,500
ECHT03,41,10a,02,0.0,120,0,1000
ECHT04,49,10a,02,0.0,120,0,2000
ECHT05,39,6a,02,0.0,120,0,4000
ECHT06,40,6b,04,0.0,120,0,3000
ECHTCO,5,20a,CONS2,0.0,120,0,999999
ECLA01,41,10a,02,0.0,120,0,10000
ECLA02,40,6b,04,0.0,120,0,1000
ECLA03,21,25b,ZZZ5,0.0,120,0,999999
ECLA04,40,6b,04,0.0,120,0,5000
ECLA05,41,10a,02,0.0,120,0,2000
ECOT01,21,25b,ZZZ5,0.0,120,0,1000
ECOT02,19,4b,03,0.0,120,0,1500
ECOT03,21,25b,ZZZ5,0.0,120,0,1000
ECOT04,47,2c,06C,0.0,120,0,5000
ECOTOC,5,20a,CONS6,0.0,120,0,999999
ECRS01,32,7b,05,0.0,120,0,1500
ECRW01,21,25b,ZZZ5,0.0,120,0,5000
ECRWC1,21,25b,ZZZ5,0.0,30,0,999999
ECRWOC,21,25b,ZZZ5,0.0,120,0,999999
EDIPOC,5,20a,STAN2,0.0,120,0,999999
EDIRRE,5,20a,CONS,0.0,30,0,999999
EEDN01,21,25b,ZZZ5,0.0,120,0,2000
EEVR01,21,25b,ZZZ5,0.0,120,0,50000
EEVR02,45,2a,06,0.0,120,0,3500
EEYB01,46,2b,07C,0.0,120,0,7500
EEYB02,33,1d,03,0.0,60,0,999999
EEYBC1,5,20a,CONS5,0.0,30,0,999999
EEYBOC,21,25b,ZZZ5,0.0,30,0,999999
EEYC01,21,25b,ZZZ5,0.0,120,0,999999
EEYC02,29,5a,06,0.0,120,0,5000
EEYC03,21,25b,ZZZ5,0.0,120,0,2000
EEYC04,41,10a,02,0.0,120,0,5000
EEYCC2,21,25b,ZZZ5,0.0,30,0,999999
EEYCC3,5,20a,CONS2,0.0,120,0,999999
EEYCC4,5,20a,CON10,0.0,120,0,999999
EEYCC5,21,25b,ZZZ5,0.0,120,0,999999
EEYCC6,21,25b,ZZZ5,0.0,120,0,999999
EEYCOC,21,25b,ZZZ5,0.0,30,0,999999
EEYD01,21,25b,ZZZ5,0.0,120,0,500
EEYD02,40,6b,04,0.0,120,0,1500
EEYD03,21,25b,ZZZ5,0.0,120,0,1000
EEYD04,32,7b,05,0.0,120,0,7500
EEYE01,31,8a,06,0.0,120,0,500
EEYE02,29,5a,06,0.0,120,0,24500
EEYEXC,5,20a,CONS6,0.0,120,0,999999
EEYL01,42,10b,02,0.0,120,0,5000
EEYL02,21,25b,ZZZ5,0.0,120,0,75000
EEYL03,14,3b,06,0.0,120,0,3000
EEYL04,21,25b,ZZZ5,0.0,120,0,2500
EEYL05,21,25b,ZZZ5,0.0,120,0,5000
EEYL06,31,8a,06,0.0,60,0,999999
EEYLOC,21,25b,ZZZ5,0.0,120,0,999999
EEYO01,21,25b,ZZZ5,0.0,120,0,2000
EEYP02,4,1b,03,0.0,120,0,200000
EEYPC1,5,20a,CONS,0.0,120,0,999999
EEYPC2,5,20a,STAND,0.0,120,0,999999
EEYPOC,5,20a,STAND,0.0,120,0,999999
EEYPRF,5,20a,CON2S,0.0,120,0,999999
EEYQ01,21,25b,ZZZ1,0.0,120,0,1000
EEYS01,49,10a,02,0.0,120,0,500
EEYS02,40,6b,04,0.0,120,0,2000
EEYS03,32,7b,05,0.0,120,0,3000
EEYS04,21,25b,ZZZ5,0.0,120,0,2000
EEYS05,32,7b,05,0.0,120,0,2000
EEYS06,21,25b,ZZZ5,0.0,120,0,2000
EEYS07,21,25b,04,0.0,120,0,3000
EEYS08,20,25a,ZZZ3,0.0,120,0,3000
EEYS09,21,25b,ZZZ,0.0,120,0,500
EEYS10,42,10b,02,0.0,120,0,4000
EEYS12,21,25b,ZZZ1,0.0,120,0,0
EEYS13,21,25b,ZZZ5,0.0,120,0,7500
EEYS14,36,7c,05C,0.0,120,0,5000
EEYS15,25,11b,06,0.0,120,0,999999
EEYT01,21,25b,ZZZ1,0.0,120,0,0
EEYT02,32,7b,05,0.0,120,0,1000
EEYT03,21,25b,ZZZ5,0.0,120,0,2000
EEYT04,39,6a,ZZZ5,0.0,120,0,3000
EEYT05,39,6a,ZZZ5,0.0,120,0,3000
EEYT06,30,7a,05,0.0,60,0,999999
EEYTC1,5,20a,CONS4,0.0,120,0,999999
EEYTC2,5,20a,CONS4,0.0,120,0,999999
EEYTC3,5,20a,CONS5,0.0,60,0,999999
EEYW01,21,25b,ZZZ5,0.0,120,0,500
EEYW02,19,4b,03,0.0,120,0,5000
EEYW03,21,25b,ZZZ5,0.0,120,0,1000
EEYW04,20,25a,ZZZ3,0.0,120,0,500
EEYW05,21,25b,ZZZ5,0.0,120,0,3000
EEYW06,21,25b,ZZZ5,0.0,120,0,2500
EEYZ01,21,25b,ZZZ,0.0,120,0,4000
EFRE01,39,6a,04,0.0,120,0,2000
EFRE02,21,25b,ZZZ5,0.0,120,0,500
EGRE02,25,11b,06,0.0,120,0,750
EGRW01,40,6b,04,0.0,120,0,2000
EGRWC1,5,20a,CON4S,0.0,30,0,999999
EGRWCO,5,20a,STAND,0.0,120,0,999999
EIDA01,21,25b,ZZZ5,0.0,120,0,2000
EIDA02,41,10a,02,0.0,120,0,1000
EIDA03,30,7a,05,0.0,60,0,999999
EKET01,36,7c,05,0.0,120,0,1000
EKLR01,21,25b,ZZZ5,0.0,120,0,4000
EMBD01,20,25a,ZZZ2,0.0,120,0,0
EMER01,41,10a,02,0.0,120,0,1500
EMNT01,6,21a,CONS,0.0,30,0,999999
EMYR01,21,25b,ZZZ5,0.0,120,0,1000
EMYY01,30,7a,05,0.0,120,0,999999
ENIH01,21,25b,ZZZ5,0.0,120,0,1000
ENIM01,18,4a,06,0.0,120,0,15000
ENIMC1,5,20a,CONS6,0.0,30,0,999999
ENIMOC,20,25a,ZZZ5,0.0,30,0,999999
EOBM01,39,6a,04,0.0,120,0,2500
EOBR01,20,25a,ZZZ2,0.0,120,0,2000
EOBRC0,5,20a,ZZZ3,0.0,120,0,999999
EPER01,39,6a,02,0.0,120,0,20000
EPER03,21,25b,ZZZ5,0.0,120,0,3000
EPER04,30,7a,05C,0.0,120,0,15000
EPERC1,5,20a,CONS5,0.0,30,0,999999
EPERC2,5,20a,CON4S,0.0,120,0,999999
EPERC3,5,20a,CONS5,0.0,120,0,999999
EPEROC,21,25b,ZZZ5,0.0,30,0,999999
EPHE01,4,1b,03,0.0,120,0,2500
EPHL01,20,25a,ZZZ2,0.0,120,0,0
EPIK01,33,1d,03,0.0,120,0,1000
EPIP01,49,10a,02,0.0,120,0,500
EPIT02,18,4a,06,3.0,120,0,12500
EPRC01,41,10a,02,0.0,120,0,4000
EPRS01,20,25a,ZZZ2,0.0,120,0,4000
EPRT01,4,1b,03,0.0,120,0,5000
EPRT02,42,10b,02,0.0,120,0,5000
EPRT03,21,25b,ZZZ5,0.0,120,0,1000
EPRT04,45,2a,06,0.0,120,0,3000
EPRT05,31,8a,06C,0.0,120,0,2500
EPRTC1,5,20a,CONS6,0.0,30,0,999999
EPRTOC,21,25b,ZZZ5,0.0,120,0,999999
EQUE01,36,7c,05,0.0,120,0,3000
ERED01,4,1b,03,0.0,120,0,1000
ERED02,41,10a,02,0.0,120,0,1000
ERED03,41,10a,02,0.0,120,0,5000
EREDC1,5,20a,CONS3,0.0,120,0,999999
EROT01,34,1e,03,0.0,120,0,20000
EROTC1,5,20a,CON3S,0.0,30,0,999999
EROTOC,5,20a,CON3S,0.0,120,0,999999
ESEB01,21,25b,ZZZ5,0.0,120,0,0
ESEB02,40,6b,04,0.0,120,0,3000
ESED01,41,10a,02,0.0,120,0,10000
ESED02,42,10b,02,0.0,120,0,4000
ESED03,21,25b,ZZZ5,0.0,120,0,2000
ESED04,42,10b,02,0.0,120,0,10000
ESEDC1,5,20a,CON2S,0.0,120,0,999999
ESES01,20,25a,CITC,0.0,120,0,2500
ESET01,41,10a,02,0.0,120,0,2000
ESHL01,49,10a,02,0.0,120,0,2000
ESHP01,25,11b,06,0.0,120,0,15000
ESHP02,16,1c,03,0.0,120,0,5000
ESHR01,31,8a,06,0.0,120,0,30000
ESHR02,33,1d,03,0.0,120,0,1000
ESHR03,14,3b,06,0.0,120,0,3000
ESHR05,14,3b,06C,0.0,120,0,15000
ESHR07,30,7a,05C,0.0,120,0,5000
ESHRC1,21,25b,ZZZ5,0.0,120,0,999999
ESHRC2,5,20a,CONS5,0.0,30,0,999999
ESHROC,5,20a,CONS6,0.0,30,0,999999
ESIF01,5,20a,05,0.0,120,0,10000
ESIFC1,5,20a,CONS5,0.0,30,0,999999
ESIFOC,21,25b,ZZZ5,0.0,120,0,999999
ESPBEN,21,25b,ZZZ5,0.0,120,0,999999
ESPBRI,5,20a,ZZZ5,0.0,30,0,999999
ESPBRM,5,20a,CONS4,0.0,60,0,999999
ESPC02,37,11a,03,0.0,120,0,7500
ESPC03,40,6b,04,0.0,120,0,15000
ESPC04,21,25b,ZZZ,0.0,120,0,4000
ESPC06,33,1d,03,0.0,120,0,4000
ESPC07,21,25b,ZZZ5,0.0,120,0,5000
ESPC08,21,25b,ZZZ5,0.0,120,0,4000
ESPC09,40,6b,04,0.0,120,0,4000
ESPC10,41,10a,02,0.0,120,0,1000
ESPC11,21,25b,ZZZ5,0.0,120,0,3000
ESPC12,21,25b,04,0.0,120,0,3000
ESPC21,33,1d,03,0.0,120,0,7500
ESPC24,21,25b,ZZZ5,0.0,120,0,7500
ESPC27,21,25b,ZZZ1,0.0,120,0,7500
ESPC29,39,6a,02,0.0,120,0,7500
ESPC31,46,2b,05,0.0,120,0,7500
ESPC32,21,25b,ZZZ2,0.0,120,0,7500
ESPC33,37,11a,03,0.0,120,0,7500
ESPC36,18,4a,06,0.0,120,0,7500
ESPC37,21,25b,ZZZ5,0.0,120,0,7500
ESPC39,37,11a,03,0.0,120,0,7500
ESPC40,46,2b,03,0.0,120,0,7500
ESPC43,19,4b,03,0.0,120,0,999999
ESPC50,4,1b,03,0.0,120,0,7500
ESPC51,30,7a,05,0.0,120,0,4000
ESPC53,46,2b,05,0.0,120,0,7500
ESPC54,18,4a,06,0.0,120,0,7500
ESPC55,21,25b,ZZZ5,0.0,120,0,5000
ESPC56,21,25b,ZZZ5,0.0,120,0,5000
ESPC57,21,25b,ZZZ5,0.0,120,0,15000
ESPC58,40,6b,04,0.0,120,0,5000
ESPC59,40,6b,04,0.0,120,0,15000
ESPC60,21,25b,ZZZ5,0.0,120,0,0
ESPC61,32,7b,05,0.0,120,0,15000
ESPC62,33,1d,03,0.0,120,0,15000
ESPC63,32,7b,03,0.0,120,0,20000
ESPC64,39,6a,02,0.0,120,0,5000
ESPC65,39,6a,02,0.0,120,0,5000
ESPC66,39,6a,04,0.0,120,0,5000
ESPC67,40,6b,04,0.0,120,0,0
ESPC68,40,6b,04C,0.0,120,0,15000
ESPC69,45,2a,06,0.0,120,0,100000
ESPC70,47,2c,06,0.0,120,0,5000
ESPC71,40,6b,04C,0.0,120,0,3000
ESPC72,21,25b,ZZZ5,0.0,120,0,7500
ESPC73,21,25b,ZZZ1,0.0,120,0,4000
ESPC75,21,25b,ZZZ1,0.0,120,0,4000
ESPC76,36,7c,05,0.0,120,0,15000
ESPC78,33,1d,03,0.0,120,0,3000
ESPC79,21,25b,ZZZ5,0.0,120,0,7500
ESPC83,37,11a,03,0.0,120,0,7500
ESPC85,21,25b,ZZZ1,0.0,120,0,0
ESPC87,21,25b,ZZZ5,0.0,120,0,10000
ESPC88,25,11b,05,0.0,120,0,7500
ESPC89,18,4a,06,0.0,120,0,999999
ESPC90,39,6a,02,0.0,120,0,999999
ESPC91,40,6b,04,0.0,30,0,999999
ESPC92,21,25b,ZZZ5,0.0,120,0,999999
ESPC93,36,7c,05,0.0,120,0,999999
ESPC95,43,3a,06,0.0,120,0,10000
ESPC97,21,25b,ZZZ5,0.0,120,0,7500
ESPC98,46,2b,05,0.0,120,0,7500
ESPC99,19,4b,03,0.0,120,0,15000
ESPCAV,5,20a,CONS4,0.0,60,0,999999
ESPCBO,5,20a,CONS3,0.0,120,0,999999
ESPCBR,5,20a,STAN2,0.0,120,0,999999
ESPCBS,5,20a,CONS4,0.0,30,0,999999
ESPCC0,21,25b,ZZZ5,0.0,120,0,999999
ESPCC1,21,25b,ZZZ5,0.0,30,0,999999
ESPCC2,5,20a,CONS3,0.0,30,0,999999
ESPCC3,21,25b,ZZZ5,0.0,30,0,999999
ESPCC4,5,20a,CONS4,0.0,60,0,999999
ESPCC5,21,25b,ZZZ5,0.0,120,0,999999
ESPCC6,21,25b,ZZZ5,0.0,120,0,999999
ESPCC7,21,25b,ZZZ5,0.0,120,0,999999
ESPCC8,21,25b,ZZZ5,0.0,120,0,999999
ESPCC9,21,25b,ZZZ5,0.0,120,0,999999
ESPCCA,21,25b,ZZZ5,0.0,120,0,999999
ESPCCB,5,20a,STAN2,0.0,120,0,999999
ESPCCC,5,20a,STAND,0.0,120,0,999999
ESPCCE,5,20a,STAN2,0.0,120,0,999999
ESPCCF,21,25b,ZZZ5,0.0,120,0,999999
ESPCCG,21,25b,ZZZ5,0.0,120,0,999999
ESPCCI,5,20a,CONS4,0.0,120,0,999999
ESPCCK,5,20a,CONS5,0.0,120,0,999999
ESPCCL,5,20a,STAN2,0.0,120,0,999999
ESPCCO,21,25b,ZZZ5,0.0,30,0,999999
ESPCCR,5,20a,STAN2,0.0,120,0,999999
ESPCCS,5,20a,STAN2,0.0,120,0,999999
ESPCCT,5,20a,STAN2,0.0,120,0,999999
ESPCCV,5,20a,STAN2,0.0,120,0,999999
ESPCCW,5,20a,STAN2,0.0,120,0,999999
ESPCEG,5,20a,STAN2,0.0,120,0,999999
ESPCEN,5,20a,CON4S,0.0,120,0,999999
ESPCFC,5,20a,CONS2,0.0,120,0,999999
ESPCFR,5,20a,CONS5,0.0,30,0,999999
ESPCGA,21,25b,ZZZ5,0.0,30,0,999999
ESPCGE,5,20a,CONS4,0.0,120,0,999999
ESPCGR,5,20a,CONS4,0.0,60,0,999999
ESPCHM,5,20a,CONS4,0.0,30,0,999999
ESPCHS,5,20a,CON4S,0.0,120,0,999999
ESPCKE,21,25b,ZZZ5,0.0,120,0,999999
ESPCKI,21,25b,ZZZ5,0.0,120,0,999999
ESPCKN,5,20a,CONS4,0.0,60,0,999999
ESPCKW,5,20a,CONS4,0.0,30,0,999999
ESPCKY,5,20a,CONS4,0.0,30,0,999999
ESPCLB,5,20a,ZZZ5,0.0,30,0,999999
ESPCM1,21,25b,ZZZ5,0.0,120,0,999999
ESPCMK,5,20a,CONS2,0.0,30,0,999999
ESPCMM,5,20a,CON2S,0.0,30,0,999999
ESPCMO,5,20a,CONS4,0.0,30,0,999999
ESPCMS,5,20a,CON2S,0.0,120,0,999999
ESPCN1,5,20a,CONS4,0.0,30,0,999999
ESPCNL,5,20a,CON3S,0.0,60,0,999999
ESPCOC,21,25b,ZZZ5,0.0,30,0,999999
ESPCPA,5,20a,CONS4,0.0,120,0,999999
ESPCPB,5,20a,CONS4,0.0,60,0,999999
ESPCPS,5,20a,CONS4,0.0,30,0,999999
ESPCRA,5,20a,STAN2,0.0,120,0,999999
ESPCS1,5,20a,CONS4,0.0,120,0,999999
ESPCSC,5,20a,CON5S,0.0,120,0,999999
ESPCSG,5,20a,ZZZ5,0.0,30,0,999999
ESPCSO,21,25b,ZZZ5,0.0,120,0,999999
ESPCSP,5,20a,CON4S,0.0,120,0,999999
ESPCST,5,20a,STAN2,0.0,120,0,999999
ESPCSW,21,25b,ZZZ5,0.0,120,0,999999
ESPCTB,21,25b,ZZZ5,0.0,120,0,999999
ESPCTC,5,20a,CONS4,0.0,30,0,999999
ESPCTG,5,20a,STAN2,0.0,120,0,999999
ESPCTL,21,25b,ZZZ5,0.0,120,0,999999
ESPCTS,5,20a,CONS4,0.0,120,0,999999
ESPCTV,5,20a,CONS4,0.0,30,0,999999
ESPCVE,5,20a,STAND,0.0,120,0,999999
ESPCVH,5,20a,STAND,0.0,120,0,999999
ESPCWB,5,20a,ZZZ5,0.0,30,0,999999
ESPCWE,21,25b,ZZZ5,0.0,120,0,999999
ESPCWK,5,20a,CONS6,0.0,30,0,999999
ESPCWM,5,20a,CONS4,0.0,30,0,999999
ESPGRA,5,20a,CON4S,0.0,60,0,999999
ESPHMS,5,20a,CONS4,0.0,60,0,999999
ESPKNY,5,20a,CON4S,0.0,60,0,999999
ESPLIN,5,20a,CONS4,0.0,30,0,999999
ESPNEL,5,20a,CONS3,0.0,60,0,999999
ESPP14,5,20a,ZZZ5,0.0,120,0,999999
ESPPBB,5,20a,CON4S,0.0,60,0,999999
ESPSG1,5,20a,CONS4,0.0,60,0,999999
ESPSOM,5,20a,CONS4,0.0,30,0,999999
ESPSP1,5,20a,CONS4,0.0,120,0,999999
ESPSP2,5,20a,CONS4,0.0,60,0,999999
ESPSTL,5,20a,ZZZ5,0.0,30,0,999999
ESPSWT,5,20a,CONS4,0.0,30,0,999999
ESPTGV,5,20a,CONS4,0.0,60,0,999999
ESPUTG,5,20a,CON4S,0.0,120,0,999999
ESPVIS,5,20a,CON5S,0.0,30,0,999999
ESTD01,40,6b,04,0.0,120,0,5000
ESTE01,31,8a,06C,0.0,120,0,2000
ESTEC1,5,20a,CON6S,0.0,120,0,999999
ESTECO,5,20a,CONS6,0.0,120,0,999999
ESTH01,40,6b,04,0.0,120,0,500
ESTI01,21,25b,ZZZ5,0.0,120,0,2000
ESTI02,14,3b,06,0.0,120,0,0
ESTIOC,5,20a,STAN2,0.0,120,0,999999
ESTL01,21,25b,ZZZ5,0.0,120,0,500
ESTL02,40,6b,04,0.0,120,0,10000
ESTP01,40,6b,04C,0.0,120,0,7500
ESTPC0,5,20a,CONS4,0.0,120,0,999999
ESTPC1,5,20a,CON4S,0.0,30,0,999999
ESTPOC,21,25b,ZZZ5,0.0,30,0,999999
ESTV01,21,25b,ZZZ1,0.0,120,0,0
ETHB01,14,3b,06,0.0,120,0,2500
ETHE01,21,25b,ZZZ5,0.0,120,0,15000
ETHE02,21,25b,ZZZ5,0.0,120,0,4000
ETHE03,41,10a,02,0.0,120,0,4000
ETHE04,5,20a,CONS5,0.0,120,0,999999
ETHL01,21,25b,ZZZ5,0.0,120,0,999999
ETHL02,40,6b,04,0.0,30,0,999999
ETHM02,32,7b,05JAS,0.0,120,0,5000
ETRA01,41,10a,02,0.0,120,0,2000
ETRN01,14,3b,06,0.0,120,0,999999
EVES01,41,10a,02,0.0,120,0,2000
EVIW01,5,20a,03C,0.0,120,0,5000
EVIWC1,5,20a,CONS3,0.0,30,0,999999
EVIWC2,5,20a,CON3S,0.0,120,0,999999
EVIWOC,21,25b,ZZZ5,0.0,120,0,999999
EVRY01,32,7b,05,0.0,120,0,999999
EZEN01,43,3a,06,0.0,120,0,3000
FGEF01,32,7b,07,0.0,120,0,2000
FJOF01,21,25b,ZZZ5,0.0,120,0,3000
FMAO01,34,1e,03,0.0,60,0,999999
FMOF01,41,10a,02C,0.0,120,0,999999
FMOF02,41,10a,02,0.0,120,0,5000
FMOF03,41,10a,02,0.0,120,0,20000
FMOF04,21,25b,ZZZ5,0.0,120,0,5000
FMOF05,41,10a,02,0.0,120,0,3000
FMOF06,21,25b,ZZZ5,0.0,120,0,999999
FMOF07,41,10a,02,0.0,120,0,999999
FMOF08,41,10a,02,0.0,120,0,999999
FMOF09,49,10a,02,0.0,60,0,999999
FMOF10,41,10a,02,0.0,60,0,999999
FMOFC1,5,20a,CON2S,0.0,30,0,999999
FMOFC2,5,20a,CON2S,0.0,120,0,999999
FMOFC3,5,20a,CON2S,0.0,120,0,999999
FMOFC4,5,20a,CON2S,0.0,120,0,999999
FMOFC5,5,20a,CONS2,0.0,120,0,999999
FMOFC6,5,20a,CONS,0.0,30,0,999999
FMOFOC,21,25b,ZZZ5,0.0,120,0,999999
FMOFPM,5,20a,CON2S,0.0,90,0,999999
FOXO01,21,25b,ZZZ5,0.0,120,0,2000
FROF01,30,7a,01,0.0,120,0,5000
GANL01,21,25b,ZZZ5,0.0,120,0,15000
GANL02,21,25b,ZZZ5,0.0,120,0,15000
GAUU01,49,10a,02,0.0,120,0,3000
GBEG01,21,25b,ZZZ5,0.0,120,0,4000
GBEG04,41,10a,02,0.0,120,0,999999
GBIF01,31,8a,06,8.0,30,18,100000
GDEO01,40,6b,04,0.0,120,0,1000
GEAL01,21,25b,ZZZ5,0.0,120,0,0
GECL01,17,2c,07,0.0,120,0,1000
GEDA01,7,12a,01EXP,0.0,120,0,2000000
GEDA02,7,12a,01,0.0,120,0,999999
GEDA03,1,9a,01,0.0,120,10,999999
GEDA04,7,12a,01,0.0,120,0,2000000
GEDACO,5,20a,CONS,0.0,120,0,999999
GEDAOC,5,20a,CONS,0.0,120,0,999999
GEDE01,40,6b,04C,0.0,120,0,4000
GEDEC1,5,20a,CONS4,0.0,30,0,999999
GEDEOC,21,25b,ZZZ5,0.0,120,0,999999
GEGM01,37,11a,03,0.0,120,0,5000
GELI01,49,10a,02,0.0,120,0,2000
GENC01,39,6a,02,0.0,120,0,999999
GENE01,21,25b,ZZZ5,0.0,120,0,2000
GENE02,37,11a,03,0.0,120,0,4000
GGIA01,41,10a,02,0.0,120,0,5000
GGOA01,41,10a,02,0.0,120,0,1000
GHIH01,31,8a,06,0.0,120,0,1000
GHIH02,21,25b,ZZZ5,0.0,30,0,10000
GHIHOC,5,20a,04,0.0,120,0,999999
GLEO01,41,10a,02,0.0,120,0,999999
GLIH01,34,1e,03,0.0,120,0,4000
GMAA01,21,25b,ZZZ5,0.0,120,0,0
GMAA02,25,11b,02,0.0,120,0,999999
GMCA01,21,25b,ZZZ1,0.0,120,0,3000
GMEA01,21,25b,ZZZ5,0.0,120,0,3000
GMEA02,32,7b,05C,0.0,120,0,5000
GMEAC1,5,20a,CONS5,0.0,120,0,999999
GMEACO,5,20a,CONS5,0.0,30,0,999999
GMEAOC,21,25b,ZZZ5,0.0,120,0,999999
GMOA01,4,1b,03,0.0,120,0,4000
GNUE01,37,11a,03,0.0,120,0,2000
GSAA01,31,8a,06,0.0,120,0,100000
GSAAOC,5,20a,STAN3,0.0,120,0,999999
GSEA01,36,7c,05,0.0,120,0,30000
GSEA02,20,25a,ZZZ2,0.0,120,0,3000
GSEW01,18,4a,07,0.0,120,0,1500
GSIH01,21,25b,ZZZ5,0.0,120,0,2000
GSIH02,29,5a,06,0.0,120,0,999999
GSIN01,41,10a,02,0.0,120,0,3000
GWAN01,40,6b,04,0.0,120,0,5000
HACA01,49,10a,02,0.0,120,0,500
HASL01,29,5a,01EXP,7.0,120,0,100000
HASLOC,5,20a,CONS,0.0,30,0,999999
HATL01,40,6b,04,0.0,120,0,3000
HATL02,41,10a,02,0.0,120,0,2000
HCOE01,21,25b,ZZZ,0.0,120,0,2000
HISO01,41,10a,02,0.0,120,0,15000
HISOC1,5,20a,CON2S,0.0,120,0,999999
HKAM01,21,25b,ZZZ5,0.0,120,0,5000
HKAM02,40,6b,04,0.0,120,0,7500
HKUN01,21,25b,ZZZ5,0.0,120,0,3000
HLYN01,40,6b,04,0.0,120,0,3000
HLYN02,40,6b,04,0.0,120,0,3000
HMAA01,41,10a,02,0.0,120,0,1000
HMAA02,20,25a,ZZZ2,0.0,120,0,0
HMAA03,41,10a,02,0.0,120,0,999999
HMAA04,21,25b,ZZZ5,0.0,120,0,6000
HMAL01,21,25b,ZZZ5,0.0,120,0,0
HMAL02,18,4a,06,0.0,120,0,2000
HMAO01,41,10a,02,0.0,120,0,10000
HMAO02,49,10a,02,0.0,120,0,3000
HMAO03,21,25b,ZZZ5,0.0,120,0,1000
HMAO04,41,10a,02,0.0,120,0,5000
HMAO05,46,2b,05,0.0,120,0,2000
HMAOOC,5,20a,STAND,0.0,120,0,999999
HMEA01,21,25b,ZZZ5,0.0,120,0,3000
HMOA01,21,25b,ZZZ5,0.0,120,0,2500
HMOA02,49,10a,02,0.0,120,0,3000
HMOA03,42,10b,02,0.0,120,0,4000
HMOA04,42,10b,02,0.0,120,0,6000
HMOL01,25,11b,06,0.0,120,0,3000
HMOL02,45,2a,06,0.0,120,0,5000
HMOL03,25,11b,06,0.0,120,0,1500
HMOL04,4,1b,03,0.0,120,0,15500
HMOL05,18,4a,06,0.0,120,0,1500
HMOL06,21,25b,ZZZ5,0.0,120,0,5000
HMOL07,34,1e,03,0.0,60,0,999999
HMPA01,18,4a,06,0.0,120,0,1500
HMPU01,43,3a,06,0.0,120,0,2000
HOCT01,21,25b,ZZZ5,0.0,120,0,2000
HRAM01,41,10a,02,0.0,120,0,7500
HRAMFR,21,25b,ZZZ5,0.0,30,0,999999
HROL01,29,5a,01EXP,0.0,120,0,1000
HSCA01,40,6b,04,0.0,120,0,3000
HSCI01,21,25b,ZZZ5,0.0,120,0,1500
HSCI02,14,3b,06,0.0,120,0,7500
HSCL01,30,7a,05,0.0,120,0,5000
HSCLOC,5,20a,CONS5,0.0,30,0,999999
HSCM01,40,6b,04,0.0,120,0,500
HSCN01,30,7a,05,0.0,120,0,20000
HSCN02,40,6b,04C,0.0,120,0,10000
HSCNC1,5,20a,CONS5,0.0,120,0,999999
HSCNCO,5,20a,ZZZ5,0.0,30,0,999999
HSCNOC,21,25b,ZZZ5,0.0,30,0,999999
HSCO01,45,2a,06,0.0,120,0,5000
HSCO02,45,2a,06C,0.0,120,0,5000
HSCO05,46,2b,07,0.0,120,0,5000
HSCO06,25,11b,06,0.0,120,0,2500
HSCOC1,5,20a,CON7S,0.0,120,0,999999
HSCOC2,5,20a,PROMO,0.0,120,0,999999
HSCOC3,5,20a,CONS6,0.0,120,0,999999
HSCOOC,5,20a,CONS6,0.0,120,0,999999
HTSA01,20,25a,CITC,0.0,120,0,20000
HTSAOC,5,20a,STAND,0.0,120,0,999999
HTSE01,33,1d,03C,0.0,120,0,3000
HTSEC1,5,20a,CON3S,0.0,120,0,999999
HTSECO,5,20a,CONS3,0.0,120,0,999999
HTSEOC,5,20a,ZZZ5,0.0,120,0,999999
HTSI01,34,1e,03,0.0,120,0,3500
HUML01,41,10a,02C,0.0,120,0,7500
HUMLOC,5,20a,CONS2,0.0,120,0,999999
HUMLST,5,20a,CON2S,0.0,120,0,999999
HVAE01,41,10a,02,0.0,120,0,2000
HWAL01,33,1d,03C,0.0,120,0,7500
HWAL02,37,11a,03,0.0,120,0,30000
HWAL03,21,25b,ZZZ5,0.0,120,0,1500
HWALC1,5,20a,CONS3,0.0,60,0,999999
HWALC2,5,20a,CON3S,0.0,60,0,999999
HZAE01,31,8a,06,0.0,120,0,1000
HZAEC1,5,20a,CON6S,0.0,60,0,999999
IALW01,39,6a,02,0.0,120,0,2000
IBEN01,21,25b,ZZZ5,0.0,120,0,3000
IBHK01,25,11b,02,0.0,120,0,5000
IBRD01,21,25b,ZZZ5,0.0,120,0,3000
IBRN01,21,25b,ZZZ5,0.0,120,0,2000
IBRN02,34,1e,03,0.0,120,0,2000
IDEG01,21,25b,ZZZ5,0.0,120,0,3000
IDZN01,41,10a,02,0.0,30,0,5000
IDZNC1,5,20a,CON2S,0.0,120,0,999999
IDZNC2,5,20a,CONS4,0.0,120,0,999999
IDZV01,20,25a,ZZZ4,0.0,120,0,2500
IELM01,21,25b,ZZZ5,0.0,120,0,500
IERN01,21,25b,ZZZ5,0.0,120,0,5000
IERN02,21,25b,ZZZ5,0.0,120,0,3000
IERN03,30,7a,05C,0.0,120,0,15000
IERNC1,5,20a,CONS,0.0,120,0,999999
IERNOC,5,20a,CONS2,0.0,120,0,999999
IFAR01,40,6b,04,0.0,120,0,1000
IFAROC,6,21a,CONS4,0.0,30,0,999999
IFLG01,31,8a,06,0.0,120,0,3500
IFRE01,21,25b,ZZZ5,0.0,120,0,1500
IFRE02,40,6b,04,0.0,120,0,5000
IFREC1,21,25b,ZZZ5,0.0,30,0,999999
IFREOC,21,25b,ZZZ5,0.0,120,0,999999
IGAL01,19,4b,06,0.0,120,0,2000
IGRM01,40,6b,04,0.0,120,0,1000
IHAN01,40,6b,04,0.0,120,0,2500
IHAN02,21,25b,ZZZ5,0.0,120,0,2500
IHEN01,33,1d,03C,0.0,120,0,6000
IHEN02,33,1d,03,0.0,120,0,1500
IHEN03,4,1b,03,0.0,120,0,1500
IHEN04,33,1d,03,0.0,120,0,1500
IHEN05,2,1a,03,0.0,120,0,999999
IHENC1,5,20a,CONS3,0.0,30,0,999999
IHENC2,21,25b,ZZZ5,0.0,30,0,999999
IHENCS,5,20a,CONS,0.0,120,0,999999
IHENOC,21,25b,ZZZ5,0.0,30,0,999999
IIFL01,2,1a,03,0.0,120,0,999999
IIJE01,40,6b,04,0.0,120,0,4000
IIJEC1,5,20a,CON4S,0.0,120,0,999999
IISP01,21,25b,ZZZ1,0.0,120,0,5000
IISS01,30,7a,05,0.0,120,0,10000
IJON01,21,25b,ZZZ5,0.0,120,0,1000
IJON02,40,6b,04,0.0,120,0,5000
IJON04,46,2b,05,0.0,120,0,2000
IKNG01,36,7c,05,0.0,120,0,15000
IKRE01,21,25b,ZZZ5,0.0,120,0,1000
IKRE02,21,25b,ZZZ5,0.0,120,0,1000
IKRE03,39,6a,02,0.0,120,5,7500
IKRE04,21,25b,ZZZ5,0.0,120,0,1500
IKRE05,18,4a,06,0.0,120,0,5000
IKRE06,39,6a,02,0.0,120,5,2000
IKRT01,21,25b,ZZZ5,0.0,120,0,2000
IKRZ01,33,1d,03,0.0,120,0,10000
IMAT01,21,25b,ZZZ5,0.0,120,0,1000
IMEE01,46,2b,03,0.0,120,0,1500
IMEE02,21,25b,ZZZ5,0.0,120,0,4000
IMER03,2,1a,03C,0.0,120,0,2000
IMERC1,5,20a,CONS3,0.0,30,0,999999
IMERCO,5,20a,ZZZ5,0.0,120,0,999999
IMEROC,21,25b,ZZZ5,0.0,120,0,999999
IMGL01,39,6a,02,0.0,60,0,999999
IMUR01,39,6a,04,0.0,120,0,3000
INAD01,40,6b,04,0.0,120,0,100000
INAD02,40,6b,04C,0.0,120,0,2000
INAD03,21,25b,ZZZ1,0.0,120,0,1500
INAD04,39,6a,04C,0.0,120,0,5000
INAD05,21,25b,ZZZ5,0.0,120,0,500
INAD06,49,10a,02,0.0,120,0,1000
INAD07,49,10a,02,0.0,120,0,1500
INAD08,21,25b,ZZZ5,0.0,120,0,500
INAD09,21,25b,ZZZ5,0.0,120,0,500
INAD10,41,10a,02,0.0,120,0,500
INAD11,21,25b,ZZZ5,0.0,120,0,0
INAD12,21,25b,ZZZ5,0.0,120,0,3000
INAD13,21,25b,ZZZ5,0.0,120,0,1000
INAD14,21,25b,ZZZ5,0.0,120,0,1000
INAD15,21,25b,ZZZ5,0.0,120,0,1000
INAD16,21,25b,ZZZ5,0.0,120,0,500
INAD17,31,8a,05,0.0,120,0,999999
INADC1,5,20a,CON4S,0.0,120,0,999999
INADC2,21,25b,ZZZ5,0.0,120,0,999999
INADC3,5,20a,CON4S,0.0,30,0,999999
INADCO,5,20a,CONS4,0.0,30,0,999999
INADOC,5,20a,STAND,0.0,120,0,999999
INADVM,5,20a,ZZZ5,0.0,30,0,999999
INJK01,39,6a,02,0.0,120,0,999999
IOLV01,34,1e,03,0.0,120,0,2000
IOLV02,21,25b,ZZZ5,0.0,120,0,999999
IOLVC1,5,20a,CONS2,0.0,120,0,999999
IONO01,16,1c,03,0.0,120,0,2500
IONOOC,5,20a,ZZZ5,0.0,120,0,999999
IPAG01,21,25b,ZZZ5,0.0,120,0,10000
IPAGC1,5,20a,CON10,0.0,30,0,999999
IPAGCO,5,20a,CONS2,0.0,30,0,999999
IPAGOC,5,20a,CONS2,0.0,30,0,999999
IPHL02,40,6b,04,0.0,120,0,2000
IPHL03,40,6b,04,0.0,120,0,3000
IREC01,49,10a,02,0.0,120,0,3000
IRED01,40,6b,04,0.0,120,0,1500
ISAL01,39,6a,03,0.0,30,0,999999
ISAN01,39,6a,04,0.0,120,0,3000
ISAV01,31,8a,06,0.0,120,0,999999
ISHN01,19,4b,03,0.0,120,0,3000
ISMT01,25,11b,05,0.0,120,0,3000
ISMT02,21,25b,ZZZ5,0.0,120,0,3000
ISMT04,40,6b,04,0.0,120,0,2000
ISMT05,49,10a,02,0.0,120,0,1500
ISMT06,40,6b,04,0.0,120,0,3000
ISMT07,40,6b,04,0.0,120,0,2000
ISMT08,37,11a,03,0.0,120,0,7500
ISMT09,21,25b,ZZZ5,0.0,120,0,5000
ISMT10,20,25a,CITC,0.0,120,0,5000
ISMTC1,5,20a,CONS2,0.0,30,0,999999
ISMTOC,5,20a,CONS2,0.0,120,0,999999
ISPL01,21,25b,ZZZ5,0.0,120,0,8000
ISPL02,4,1b,03C,0.0,120,0,7500
ISPLC1,5,20a,CONS3,0.0,30,0,999999
ISPLCE,5,20a,CON3S,0.0,120,0,999999
ISPLOC,21,25b,ZZZ5,0.0,120,0,999999
ISTM01,29,5a,01EXP,0.0,120,0,2500
ISWN01,21,25b,03,0.0,120,0,0
ITHV01,21,25b,ZZZ5,0.0,120,0,3000
ITHV02,18,4a,06,0.0,30,0,3000
ITJB01,18,4a,06,0.0,120,0,1500
ITRC01,37,11a,03,0.0,120,0,10000
ITRM01,40,6b,04,0.0,120,0,3000
IUNT01,32,7b,05,0.0,120,0,999999
IWAN01,21,25b,ZZZ5,0.0,120,0,5000
IWEN01,21,25b,ZZZ1,0.0,120,0,0
IWET01,40,6b,04,0.0,120,58,0
IWET02,41,10a,02,0.0,30,58,999999
IZES01,32,7b,05,0.0,120,0,5000
IZHV01,37,11a,03,0.0,120,0,3000
JARU01,41,10a,02,0.0,120,0,2000
JDEA02,4,1b,03,0.0,120,0,2000
JDEA03,21,25b,ZZZ2,0.0,120,0,500
JDEO01,16,1c,03,0.0,120,0,3500
JKAE01,41,10a,02,0.0,120,0,15000
JRAE01,21,25b,ZZZ5,0.0,120,0,1000
JRAK01,21,25b,ZZZ5,0.0,120,0,3000
JRAU01,49,10a,02,0.0,120,0,1000
JSEA01,39,6a,02,0.0,120,0,10000
JSEAOC,5,20a,STAND,0.0,120,0,999999
JSUE01,45,2a,06,0.0,120,0,1500
JSUE02,45,2a,06,0.0,30,0,2000
JSUE03,4,1b,03,0.0,120,0,999999
JWIN01,18,4a,06,0.0,120,0,15000
KACE01,21,25b,ZZZ5,0.0,120,0,2000
KACE02,32,7b,07,0.0,120,0,3000
KATI01,21,25b,ZZZ5,0.0,120,0,10000
KATI02,32,7b,06,0.0,120,0,5000
KBAE01,18,4a,06,0.0,120,0,999999
KBAEC1,5,20a,CONS6,0.0,120,0,999999
KBAEC2,5,20a,CON6S,0.0,120,0,999999
KBEK01,4,1b,03,0.0,120,0,5000
KDEAOC,6,21a,CONS,0.0,30,0,999999
KDEL01,42,10b,02,0.0,120,0,7500
KDEO01,21,25b,ZZZ5,0.0,120,0,10000
KDEO03,31,8a,06,0.0,120,0,5000
KDEO04,31,8a,02,0.0,120,5,10000
KDEO05,31,8a,06,0.0,120,0,5000
KDIG01,19,4b,03,0.0,120,0,10000
KDIG02,19,4b,03,0.0,120,0,15000
KFAT01,31,8a,06,0.0,120,0,15000
KFAT02,16,1c,03,0.0,120,0,10000
KJAE01,39,6a,02,0.0,120,0,999999
KJAEC1,5,20a,CONS2,0.0,120,0,999999
KKEA01,34,1e,03,0.0,120,0,2000
KKEA02,37,11a,03,0.0,30,0,2500
KKOS01,39,6a,02,0.0,120,0,5000
KKOSC1,5,20a,CONS2,0.0,60,0,999999
KLAH01,21,25b,ZZZ5,0.0,120,0,2000
KLEH01,45,2a,06,0.0,120,0,2000
KLUE01,21,25b,ZZZ5,0.0,120,0,7500
KMAA01,21,25b,ZZZ5,0.0,120,0,5000
KMAA02,41,10a,02C,0.0,120,0,30000
KMAA03,21,25b,ZZZ5,0.0,120,0,5000
KMAA04,39,6a,04,0.0,120,0,5000
KMAAC1,5,20a,CONS2,0.0,120,0,999999
KMAACO,5,20a,STAN2,0.0,120,0,999999
KMAG01,30,7a,05,0.0,120,0,500
KMAH01,20,25a,CITC,0.0,120,0,6000
KMOH01,21,25b,ZZZ5,0.0,120,0,1000
KMOO01,4,1b,03,0.0,120,0,4000
KMOO02,37,11a,03,0.0,120,0,26000
KMOO03,25,11b,06,0.0,120,0,3000
KMOO04,46,2b,03,0.0,120,0,2000
KMOO05,2,1a,03,0.0,60,0,999999
KMOOC1,5,20a,CON3S,0.0,60,0,999999
KMOW01,34,1e,03,0.0,60,0,999999
KOAD01,21,25b,ZZZ5,0.0,120,0,5000
KOAS01,21,25b,ZZZ5,0.0,120,0,3000
KOSO01,14,3b,06,4.0,30,0,30000
KOSOOC,5,20a,STAND,0.0,120,0,999999
KPAA01,21,25b,ZZZ5,0.0,120,0,2000
KPAI01,21,25b,ZZZ5,0.0,120,0,5000
KSAS01,16,1c,03,0.0,120,0,10000
KSAS02,16,1c,03,0.0,120,0,5000
KSEG01,20,25a,CITC,0.0,120,0,2500
KSUH01,43,3a,06,0.0,120,0,100
KTIL01,25,11b,06,0.0,120,0,999999
LALE01,39,6a,02,0.0,120,0,4000
LALI01,40,6b,04,0.0,120,0,3000
LALI02,21,25b,ZZZ5,0.0,120,0,3000
LALY01,41,10a,02,0.0,120,0,2000
LBAF01,36,7c,05,0.0,120,0,12000
LBAL01,21,25b,ZZZ5,0.0,120,0,1500
LBAT01,21,25b,ZZZ5,0.0,120,0,4000
LBOL01,21,25b,ZZZ5,0.0,120,0,2000
LBUB02,14,3b,06,0.0,120,0,15000
LBUL01,49,10a,02,0.0,120,0,1000
LCEL01,39,6a,04,0.0,60,0,999999
LCEL02,39,6a,04,0.0,60,0,999999
LDAG01,21,25b,ZZZ5,0.0,120,0,4000
LDOS01,21,25b,ZZZ5,0.0,120,0,500
LEDE01,49,10a,02,0.0,120,0,0
LEGI01,31,8a,06,0.0,120,0,1000
LELEOC,6,21a,CONS,0.0,30,0,999999
LFIA01,21,25b,ZZZ5,0.0,120,0,3000
LFIAOC,5,20a,CONS2,0.0,30,0,999999
LFOL01,21,25b,ZZZ5,0.0,120,0,4000
LGED01,21,25b,ZZZ5,0.0,120,0,4000
LGIE01,21,25b,ZZZ5,0.0,120,0,1000
LGIEOC,21,25b,ZZZ5,0.0,120,0,999999
LGIL01,30,7a,05,0.0,120,0,999999
LGOD01,21,25b,ZZZ5,0.0,120,0,0
LGOD02,40,6b,04,0.0,120,0,3000
LGOD03,36,7c,05,0.0,120,0,7500
LGOD04,21,25b,ZZZ5,0.0,120,0,3000
LGOD05,43,3a,06,0.0,60,0,999999
LGOD06,43,3a,06,0.0,60,0,999999
LGOD07,47,2c,06,0.0,60,0,999999
LGOD08,47,2c,06,0.0,60,0,999999
LGOD09,34,1e,03,0.0,60,0,999999
LGOD10,37,11a,06,0.0,60,0,999999
LGOD11,37,11a,03,0.0,60,0,999999
LGOD12,47,2c,06,0.0,60,0,999999
LGOD13,37,11a,03,0.0,60,0,999999
LGOD14,46,2b,06,0.0,60,0,999999
LHAL01,49,10a,06,0.0,120,0,500
LHEL01,21,25b,ZZZ5,0.0,120,0,2000
LHII01,36,7c,05,0.0,120,0,5000
LHIL01,41,10a,02,0.0,120,0,500
LHIL02,41,10a,02,0.0,120,0,2500
LHIL03,21,25b,ZZZ5,0.0,120,0,500
LHIL05,14,3b,05,0.0,120,0,5000
LHIL06,40,6b,04,0.0,120,0,0
LHIL07,21,25b,ZZZ5,0.0,120,0,5000
LHIT01,21,25b,ZZZ5,0.0,120,0,5000
LHOL01,40,6b,04C,0.0,120,0,1000
LHOLCO,5,20a,CON4S,0.0,120,0,999999
LHOM01,41,10a,02C,0.0,60,0,999999
LHOMC1,5,20a,CONS2,0.0,60,0,999999
LHUB01,39,6a,04,0.0,120,0,2000
LKAI01,46,2b,05,0.0,120,0,5000
LKEM01,49,10a,02,0.0,120,0,3000
LKIL01,30,7a,05,0.0,120,0,15000
LLAL01,21,25b,ZZZ2,0.0,120,0,0
LLAO01,41,10a,02,0.0,120,0,2000
LLAU01,21,25b,ZZZ5,0.0,120,0,0
LMAA01,20,25a,ZZZ1,0.0,120,0,1500
LMAA02,18,4a,06,0.0,120,0,1000
LMAA03,2,1a,03,0.0,120,0,6000
LMAAC1,21,25b,ZZZ5,0.0,30,0,999999
LMAAOC,21,25b,ZZZ5,0.0,120,0,999999
LMAE01,39,6a,04,0.0,120,0,5000
LMEL01,21,25b,ZZZ5,0.0,120,5,10000
LMEL02,45,2a,06,0.0,120,0,30000
LMEL03,37,11a,03,0.0,120,0,15000
LMEL04,45,2a,06,0.0,120,0,15000
LMEL05,39,6a,03,0.0,120,0,15000
LMEL06,25,11b,02,0.0,120,0,15000
LMEL09,37,11a,03,0.0,120,0,15000
LMEL10,25,11b,02,0.0,120,0,15000
LMEL12,37,11a,03,0.0,120,0,15000
LMEL14,45,2a,06,0.0,120,0,15000
LMEL15,37,11a,03,0.0,120,0,15000
LMEL16,37,11a,03,0.0,120,0,15000
LMEL18,37,11a,03,0.0,120,0,15000
LMEL19,45,2a,06,0.0,120,0,15000
LMEL21,37,11a,03,0.0,120,0,15000
LMEL22,46,2b,03,0.0,120,0,15000
LMEL25,37,11a,03,0.0,120,0,15000
LMEL26,46,2b,03,0.0,120,0,999999
LMEL27,19,4b,03,0.0,120,0,999999
LMEL28,21,25b,ZZZ5,0.0,120,0,2500
LMEL29,37,11a,03,0.0,120,0,5000
LMEL30,37,11a,03,0.0,120,0,5000
LMEL32,40,6b,04,0.0,120,0,999999
LMEL33,4,1b,03,0.0,120,0,999999
LMELC1,5,20a,STAN2,0.0,120,0,999999
LMELC2,5,20a,CONS,0.0,120,0,999999
LMELC3,21,25b,ZZZ5,0.0,120,0,999999
LMELC4,5,20a,CON3S,0.0,30,0,999999
LMELC5,5,20a,CON3S,0.0,120,0,999999
LMELC6,5,20a,CON2S,0.0,120,0,999999
LMELC7,5,20a,CONS2,0.0,60,0,999999
LMELOC,21,25b,ZZZ5,0.0,30,0,999999
LMEV01,32,7b,CONS5,0.0,120,0,4000
LMEVOC,5,20a,CONS5,0.0,120,0,999999
LMEW01,18,4a,06,0.0,120,0,3000
LMIB01,49,10a,02,0.0,120,0,2000
LMIN01,21,25b,ZZZ5,0.0,120,0,0
LMOD01,21,25b,ZZZ5,0.0,120,0,15000
LMODOC,5,20a,CONS6,0.0,120,0,999999
LMOE01,19,4b,06,0.0,120,0,3000
LMOE02,37,11a,03,0.0,120,0,15000
LMUL01,21,25b,ZZZ5,0.0,120,0,500
LMUL02,21,25b,ZZZ5,0.0,120,0,500
LMUL03,21,25b,04,0.0,120,0,500
LMUL04,40,6b,04,0.0,120,0,500
LMUL05,40,6b,04,0.0,120,0,500
LMUL06,30,7a,05,0.0,120,0,5000
LMUL07,21,25b,ZZZ5,0.0,120,0,0
LMUL08,40,6b,04,0.0,120,0,500
LMUL09,40,6b,04,0.0,120,0,500
LMUL10,21,25b,ZZZ5,0.0,120,0,500
LMUL11,21,25b,ZZZ5,0.0,120,0,500
LMUL12,40,6b,04,0.0,120,0,500
LMUL13,40,6b,04,0.0,120,0,2000
LMUL14,20,25a,ZZZ1,0.0,120,0,10000
LMUL15,39,6a,04,0.0,120,0,5000
LMUL16,40,6b,04,0.0,120,0,999999
LMUL17,20,25a,CLEGA,0.0,120,0,0
LMUO01,20,25a,ZZZ2,0.0,120,0,0
LMUO02,20,25a,ZZZ2,0.0,120,0,0
LMUU01,18,4a,06,0.0,120,0,0
LNAE01,34,1e,03,0.0,120,0,2000
LNAL01,14,3b,06,0.0,120,0,500
LNEO01,32,7b,05,0.0,120,0,2000
LNEO02,33,1d,03C,0.0,120,0,4000
LNEO03,34,1e,03,0.0,120,0,4000
LNHA01,21,25b,ZZZ5,0.0,120,0,999999
LNIS01,16,1c,03,0.0,120,0,2000
LNOL01,21,25b,ZZZ5,0.0,120,0,3500
LNSAUR,13,9a,SALE,0.0,120,0,999999
LOLS01,39,6a,03,0.0,120,0,4000
LPAM01,36,7c,05,0.0,120,0,5000
LPAM02,40,6b,04,0.0,120,0,5000
LPIA01,20,25a,ZZZP,0.0,120,0,3000
LPIL01,41,10a,02,0.0,120,0,2000
LPIL02,49,10a,02,0.0,120,0,3000
LPIL03,20,25a,ZZZ2,0.0,120,0,2000
LPIL04,21,25b,ZZZ5,0.0,120,0,2000
LPIL05,41,10a,02,0.0,120,0,2500
LPIL06,41,10a,02,0.0,120,0,2000
LPIL07,39,6a,02,0.0,30,0,1500
LPIL08,41,10a,02,0.0,120,0,5000
LPOI01,40,6b,04,0.0,120,0,2000
LPUE01,45,2a,06,0.0,120,0,6000
LSAE01,21,25b,ZZZ5,0.0,120,0,10000
LSAI01,41,10a,02,0.0,120,0,500
LSAL01,21,25b,ZZZ5,0.0,120,0,2500
LSEE01,37,11a,02,0.0,120,0,5000
LSEL01,20,25a,ZZZ3,0.0,120,0,1000
LSEO01,18,4a,06,0.0,120,0,999999
LSOEC2,5,20a,XX,0.0,120,0,999999
LSOEC3,5,20a,CONS,0.0,30,0,999999
LSOEOC,5,20a,XX,0.0,120,0,999999
LSOEPR,30,7a,01,0.0,120,0,999999
LSOO01,40,6b,04C,0.0,120,0,3000
LSOOC1,5,20a,ZZZ5,0.0,30,0,999999
LSOOOC,21,25b,ZZZ5,0.0,120,0,999999
LSOW01,41,10a,02,0.0,120,0,2000
LSOW02,41,10a,02,0.0,30,0,10000
LSOW03,21,25b,ZZZ5,0.0,120,0,10000
LSOW04,40,6b,04,0.0,120,0,2000
LSUL01,14,3b,06,0.0,120,0,15000
LTIL01,45,2a,06,0.0,120,0,15000
LTILCO,5,20a,CONS6,0.0,120,0,999999
LTILOC,5,20a,CON6S,0.0,30,0,999999
LTYE01,49,10a,02,0.0,120,0,2000
LVAJ01,41,10a,02,0.0,120,0,3000
LVAJC1,5,20a,CONS6,0.0,120,0,999999
LVAL01,49,10a,02,0.0,120,0,2000
LVAS01,21,25b,ZZZ5,0.0,120,0,3000
LVAU01,20,25a,ZZZ2,0.0,120,0,3000
LVAU02,41,10a,02,0.0,120,0,3000
LVAU03,21,25b,ZZZ5,0.0,120,0,3000
LVIL01,21,25b,ZZZ5,0.0,120,0,3000
LVIL02,40,6b,04,0.0,120,0,999999
LVILC1,5,20a,CONS4,0.0,30,0,999999
LVILOC,21,25b,ZZZ5,0.0,120,0,999999
LWAS01,21,25b,ZZZ5,0.0,120,0,0
LWAS02,30,7a,05,0.0,120,0,0
LWAV01,29,5a,01EXP,0.0,120,0,3000
LWED01,39,6a,04,0.0,120,0,5000
LWEG01,40,6b,04,0.0,120,0,2000
LWEL01,40,6b,04,0.0,120,0,3000
LWIC01,21,25b,ZZZ5,0.0,120,0,3500
LWIK02,21,25b,ZZZ5,0.0,120,0,500
LWIL02,21,25b,ZZZ1,0.0,120,0,1000
LWIL03,21,25b,ZZZ1,0.0,120,0,3000
LWIL04,46,2b,05,0.0,120,0,1500
LWIS01,21,25b,ZZZ5,0.0,120,0,1000
LZIL01,40,6b,04,0.0,30,0,2500
MASA01,41,10a,02,0.0,120,0,18000
MASAC1,5,20a,CON2S,0.0,120,0,999999
MASAOC,5,20a,STAND,0.0,120,0,999999
MCAPC1,5,20a,CONS4,0.0,60,0,999999
MCOA01,21,25b,ZZZ5,0.0,120,0,0
MCOB01,31,8a,06,0.0,120,0,10000
MDEA01,21,25b,ZZZ5,0.0,120,0,7500
MDEA02,21,25b,ZZZ5,0.0,120,0,0
MDEA03,21,25b,ZZZ5,0.0,120,0,7500
MEDO01,21,25b,ZZZ5,0.0,120,0,5000
MFAI01,21,25b,ZZZ5,0.0,120,0,1500
MFAO01,31,8a,06,0.0,120,0,5000
MFEIOC,5,20a,CONS,0.0,30,0,999999
MGAS01,40,6b,04C,0.0,120,0,5000
MGUE01,49,10a,02,0.0,120,0,0
MHAB01,21,25b,ZZZ5,0.0,120,0,5000
MHAM01,49,10a,06,0.0,120,0,999999
MHEM01,21,25b,ZZZ5,0.0,120,0,1000
MHUA02,39,6a,ZZZ5,0.0,120,0,2000
MHYI01,21,25b,ZZZ5,0.0,120,0,999999
MISA01,32,7b,05,0.0,120,0,3000
MISA02,21,25b,ZZZ5,0.0,120,0,3000
MJUN01,21,25b,ZZZ5,0.0,120,0,2000
MLEN01,31,8a,06C,0.0,120,0,4000
MLOB01,21,25b,ZZZ5,0.0,120,0,15000
MLOB02,31,8a,06,0.0,120,0,10000
MLOB03,19,4b,06,0.0,120,0,5000
MLOBC1,5,20a,CONS6,0.0,120,0,999999
MMOE01,20,25a,CITC,0.0,120,0,6000
MMOEC1,5,20a,CON3S,0.0,30,0,999999
MNAI01,21,25b,ZZZ5,0.0,120,0,5000
MNSARK,13,9a,SALE,0.0,120,0,999999
MORO01,21,25b,ZZZ5,0.0,120,0,2500
MOSA01,31,8a,06,0.0,120,0,75000
MOSA02,31,8a,06,0.0,120,0,1500
MOSA03,31,8a,06,0.0,30,0,999999
MOSAOC,5,20a,STAND,0.0,120,0,999999
MPIV01,20,25a,ZZZ2,0.0,120,0,0
MRAA02,20,25a,CITC,0.0,120,0,1000
MRAA03,4,1b,03,0.0,120,0,1000
MRAD01,41,10a,02,0.0,120,0,1500
MRAD02,41,10a,02,0.0,120,0,2000
MRAJ01,21,25b,ZZZ5,0.0,120,0,3000
MRAK01,42,10b,02,0.0,120,0,4000
MRAKOC,5,20a,STAND,0.0,120,0,999999
MRAL01,21,25b,ZZZ5,0.0,120,0,500
MRAL02,40,6b,04,0.0,120,0,2000
MRAL03,21,25b,ZZZ5,0.0,120,0,3000
MRAL04,41,10a,02,0.0,120,0,5000
MRAO01,21,25b,ZZZ5,0.0,120,0,500
MRAO02,20,25a,ZZZ2,0.0,120,0,2000
MRAO03,20,25a,ZZZ4,0.0,120,0,3000
MRAP01,21,25b,ZZZ5,0.0,120,0,5000
MRAR01,49,10a,02,0.0,120,0,2000
MRAR02,41,10a,02,0.0,30,0,999999
MRAS01,21,25b,ZZZ5,0.0,120,0,500
MRAU01,21,25b,ZZZ5,0.0,120,0,0
MSAU01,39,6a,04,0.0,120,0,3000
MSAW01,40,6b,04C,0.0,120,0,999
MSAW02,40,6b,04C,0.0,120,0,999999
MSAWC1,5,20a,CON4S,0.0,30,0,999999
MSAWC2,5,20a,CONS4,0.0,60,0,999999
MSIO01,31,8a,06,0.0,120,0,15000
MSIP01,21,25b,ZZZ5,0.0,120,0,2000
MSIP02,39,6a,04,0.0,120,0,1000
MSIT01,21,25b,ZZZ5,0.0,120,0,3000
MSIT02,41,10a,02,0.0,120,0,7500
MSOE01,39,6a,04,0.0,120,0,3500
MSOE02,40,6b,04,0.0,120,0,2000
MSUM01,39,6a,04,0.0,120,0,3000
MSYO01,40,6b,04,0.0,120,0,1000
MTAB01,32,7b,05,0.0,120,0,5000
MTEB01,14,3b,05,0.0,120,0,3000
MYBT01,41,10a,02,0.0,120,0,999999
NANI01,14,3b,06,0.0,30,0,2000
NBAK01,30,7a,05,0.0,120,0,3000
NBEJ01,32,7b,05,0.0,120,0,10000
NBEM01,21,25b,ZZZ5,0.0,120,0,2000
NBEM02,40,6b,04,0.0,120,0,2000
NBEM03,30,7a,05,0.0,120,0,2500
NBET01,21,25b,ZZZ5,0.0,120,0,1000
NBOD01,21,25b,ZZZ5,0.0,120,0,2000
NBOO01,41,10a,02,0.0,30,0,2000
NBOT01,21,25b,ZZZ5,0.0,120,0,3000
NBOT02,21,25b,ZZZ5,0.0,120,0,3000
NBOT03,21,25b,ZZZ5,0.0,120,0,1000
NCAI01,21,25b,ZZZ5,0.0,120,0,1000
NDAI01,41,10a,02,0.0,120,0,2000
NDAI02,30,7a,05,0.0,120,0,1000
NDEI01,21,25b,ZZZ5,0.0,120,0,0
NDUD01,21,25b,ZZZ5,0.0,120,0,5000
NERE01,21,25b,ZZZ5,0.0,120,0,500
NFIE01,21,25b,ZZZ1,0.0,120,0,0
NFIM01,39,6a,04,0.0,120,0,2000
NGEE01,30,7a,05,0.0,120,0,5000
NGEE02,40,6b,04,0.0,120,0,5000
NGEG01,41,10a,02C,0.0,120,0,5000
NGEGC1,5,20a,CONS2,0.0,30,0,999999
NHAO01,21,25b,ZZZ5,0.0,120,0,2000
NHER01,29,5a,01EXP,0.0,120,0,5000
NINO01,3,9a,01,0.0,60,0,999999
NJAE01,21,25b,ZZZ5,0.0,120,0,1000
NJAS01,21,25b,ZZZ5,0.0,120,0,6000
NJEK01,30,7a,05,0.0,120,0,5000
NJEK02,31,8a,06,0.0,120,0,5000
NJIA01,19,4b,03,0.0,120,0,20000
NJIA02,31,8a,06,0.0,120,0,4000
NJIAC1,5,20a,CONS3,0.0,120,0,999999
NJIAOC,5,20a,STAND,0.0,30,0,999999
NJOE01,41,10a,02,0.0,120,0,15000
NJOE02,31,8a,06,0.0,120,0,10000
NJOE03,21,25b,ZZZ5,0.0,120,0,3000
NKEN01,42,10b,02,0.0,120,0,30000
NKEY01,19,4b,03,0.0,120,0,2000
NKEYOC,5,20a,STAND,0.0,30,0,999999
NKIG01,37,11a,06,0.0,120,0,7500
NKIG02,21,25b,ZZZ5,0.0,120,0,1000
NKIGOC,5,20a,CONS5,0.0,30,0,999999
NKOQ01,39,6a,02,0.0,120,0,999999
NKOQC1,5,20a,CONS4,0.0,30,0,999999
NKOQOC,21,25b,ZZZ5,0.0,120,0,999999
NKUG01,46,2b,03,0.0,120,0,3000
NLAD01,46,2b,03,0.0,120,0,5000
NLAD02,40,6b,04,0.0,120,0,4000
NLAE01,31,8a,06,0.0,120,0,2000
NLAE02,21,25b,ZZZ1,0.0,120,0,5000
NLAG01,40,6b,04,0.0,120,0,2000
NLAG02,34,1e,03,0.0,120,0,2500
NLIK01,21,25b,ZZZ5,0.0,120,0,4000
NLOE01,32,7b,05,0.0,30,0,2500
NLOG01,37,11a,03,0.0,120,0,5000
NLUN01,16,1c,03,0.0,120,0,3000
NMAA01,20,25a,ZZZ2,0.0,120,0,1000
NMAA02,21,25b,ZZZ,0.0,120,0,2000
NMAA03,20,25a,CITC,0.0,120,0,3500
NMAD01,39,6a,04,0.0,120,0,1000
NMAD02,20,25a,ZZZ3,0.0,120,0,2000
NMAG01,37,11a,03,0.0,120,0,0
NMAG02,43,3a,06,0.0,120,0,5000
NMAI01,43,3a,05,0.0,120,0,3500
NMAJ01,41,10a,02,0.0,120,0,4000
NMAN01,42,10b,02,0.0,120,0,5000
NMAO01,36,7c,05,0.0,120,0,30000
NMAO02,43,3a,05,0.0,120,0,10000
NMAOC1,5,20a,CONS5,0.0,120,0,999999
NMAOCC,21,25b,ZZZ5,0.0,30,0,999999
NMAOOC,21,25b,ZZZ5,0.0,120,0,999999
NMAS01,25,11b,02,0.0,60,0,999999
NMEL01,4,1b,03,0.0,120,0,1000
NMESOC,6,21a,CONS4,0.0,30,0,999999
NMIG01,21,25b,ZZZ5,0.0,120,0,15000
NMIG02,30,7a,05,0.0,120,0,15000
NMIGC1,5,20a,CONS5,0.0,120,0,999999
NMIGC2,5,20a,CON5S,0.0,120,0,999999
NMOE01,2,1a,03,0.0,120,0,4000
NMOE02,33,1d,03,0.0,120,0,2000
NMOE03,33,1d,03,0.0,30,0,60000
NMOEOC,5,20a,STAND,0.0,120,0,999999
NMOT01,49,10a,02,0.0,120,0,2000
NNIA01,37,11a,03,0.0,120,0,2000
NNUA02,39,6a,04,0.0,120,0,2000
NNUA03,39,6a,04,0.0,120,0,2000
NOMI01,49,10a,02,0.0,120,0,3000
NPAO01,40,6b,04,0.0,30,0,6000
NPIE01,21,25b,ZZZ5,0.0,120,0,1500
NPIE02,40,6b,04,0.0,120,0,1000
NPIN01,46,2b,03,0.0,120,0,5000
NPINC1,5,20a,CONS3,0.0,120,0,999999
NPUS01,21,25b,ZZZ,0.0,120,0,5000
NRAC01,18,4a,06,0.0,120,0,3500
NRAD01,32,7b,05,0.0,120,0,5000
NRAD02,21,25b,ZZZ5,0.0,120,0,4000
NRAD03,32,7b,05,0.0,120,0,7500
NRAD04,32,7b,05,0.0,120,0,3000
NRADC1,5,20a,CONS5,0.0,120,0,999999
NRADOC,5,20a,CONS2,0.0,30,0,999999
NRAK01,46,2b,03,0.0,120,0,5000
NRAS01,5,20a,05,0.0,30,0,5000
NRASC1,5,20a,CONS5,0.0,30,0,999999
NREK01,45,2a,06,0.0,120,0,1500
NREO01,21,25b,ZZZ5,0.0,120,0,2000
NREO02,31,8a,06,0.0,120,5,5000
NREO03,39,6a,04,0.0,120,0,999999
NSADOC,21,25b,ZZZ5,0.0,30,0,999999
NSEE01,37,11a,03,0.0,120,0,5000
NSEE02,46,2b,03,0.0,120,0,3000
NSIG01,41,10a,02,0.0,120,0,5000
NSIG02,41,10a,02,0.0,120,0,2000
NSIO01,16,1c,03,0.0,120,0,5000
NSUC01,21,25b,ZZZ5,0.0,120,0,5000
NSUC02,46,2b,03,0.0,120,0,5000
NSUC10,5,20a,CONS6,0.0,120,0,999999
NSUD01,41,10a,02,0.0,120,0,2000
NSUERM,5,20a,CON2S,0.0,120,0,999999
NSUEYE,5,20a,CON4S,0.0,120,0,999999
NSUF01,21,25b,ZZZ5,0.0,120,0,2000
NSUG01,21,25b,ZZZ5,0.0,120,3,999999
NSUG02,21,25b,ZZZ5,0.0,120,0,5000
NSUG04,5,20a,CONS,0.0,120,0,1000
NSUG05,33,1d,03,0.0,120,0,2000
NSUG09,41,10a,02,0.0,120,0,3000
NSUG10,32,7b,05,0.0,120,0,20000
NSUG11,41,10a,02,0.0,120,0,0
NSUG13,30,7a,05,0.0,120,0,20000
NSUG14,30,7a,01STU,1.0,30,12,999999
NSUG15,36,7c,05,0.0,120,0,5000
NSUG16,29,5a,06,0.0,120,0,999999
NSUG17,21,25b,ZZZ5,0.0,30,0,999999
NSUGC1,5,20a,CON2S,0.0,120,0,999999
NSUGC2,5,20a,CON2S,0.0,120,0,999999
NSUGC3,5,20a,CONS5,0.0,60,0,999999
NSUGC4,21,25b,ZZZ5,0.0,120,0,999999
NSUGC5,5,20a,CON3S,0.0,120,0,999999
NSUGC7,21,25b,ZZZ5,0.0,120,0,999999
NSUGC8,5,20a,CONS5,0.0,120,0,999999
NSUGC9,5,20a,CONS5,0.0,120,0,999999
NSUGEG,5,20a,CONS5,0.0,120,0,999999
NSUGEM,5,20a,CONS6,0.0,120,0,999999
NSUGER,21,25b,99999,0.0,30,0,999999
NSUGHT,21,25b,ZZZ5,0.0,30,0,999999
NSUGME,5,20a,CON3S,0.0,30,0,999999
NSUGOC,5,20a,CONS2,0.0,30,0,999999
NSUGSZ,5,20a,CONS6,0.0,120,0,999999
NSUGZS,5,20a,CON2S,0.0,120,0,999999
NSUHC1,5,20a,CONS5,0.0,120,0,999999
NSUMEN,5,20a,CONS3,0.0,30,0,999999
NSUN01,21,25b,ZZZ5,0.0,120,0,4000
NSUN02,21,25b,ZZZ5,0.0,120,0,2000
NSUN03,32,7b,05C,0.0,120,0,7000
NSUO02,31,8a,06,0.0,120,0,1000
NSUO03,21,25b,ZZZ5,0.0,120,0,10000
NSUOO2,3,9a,01N,0.0,120,0,999999
NSUOOC,21,25b,ZZZ5,0.0,120,0,999999
NSUOPT,5,20a,PROMO,0.0,120,0,999999
NSUS01,49,10a,02,0.0,120,0,1000
NSUS02,21,25b,ZZZ5,0.0,120,0,5000
NSUS03,21,25b,ZZZ5,0.0,120,0,500
NSUS04,42,10b,02,0.0,120,0,5000
NSUS05,21,25b,ZZZ5,0.0,120,0,500
NSUS06,42,10b,02,0.0,120,0,5000
NSUS07,41,10a,02,0.0,120,0,1500
NSUS08,21,25b,ZZZ5,0.0,120,0,30000
NSUS09,42,10b,02,0.0,120,0,2500
NSUS10,41,10a,02,10.0,30,0,10000
NSUS11,40,6b,04,0.0,120,0,5000
NSUSC1,5,20a,CONS2,0.0,30,0,999999
NSUSOC,21,25b,ZZZ5,0.0,120,0,999999
NSUV01,21,25b,ZZZ5,0.0,120,0,1500
NSUW01,31,8a,06,0.0,120,0,2000
NSUWR1,5,20a,CONS2,0.0,120,0,999999
NTOG02,41,10a,02,0.0,120,0,1500
NTOK01,40,6b,04,0.0,120,0,1500
NVAA01,21,25b,ZZZ5,0.0,120,0,3000
NVAB01,5,20a,02,0.0,120,0,2500
NVABC1,5,20a,CONS6,0.0,120,0,999999
NVABCO,5,20a,CONS2,0.0,30,0,999999
NVABOC,5,20a,ZZZ5,0.0,120,0,999999
NVAD01,42,10b,02,0.0,120,5,3000
NVAD02,21,25b,ZZZ5,0.0,120,0,2000
NVAD03,46,2b,03,0.0,120,0,3000
NVAD04,21,25b,ZZZ5,0.0,120,0,4000
NVAD05,14,3b,06,0.0,120,0,1000
NVAD07,40,6b,04,0.0,120,0,2000
NVAD08,21,25b,ZZZ,0.0,120,0,2000
NVAD09,39,6a,02,0.0,120,0,1500
NVAD10,39,6a,03,0.0,120,5,5000
NVAD11,34,1e,03,0.0,120,0,1000
NVAD12,40,6b,04,0.0,120,0,1000
NVAD13,46,2b,03,0.0,120,0,20000
NVAD14,39,6a,04,0.0,120,0,6000
NVADOC,5,20a,STAN3,0.0,120,0,999999
NVAG02,21,25b,ZZZ5,0.0,120,0,10000
NVAG03,47,2c,06,0.0,120,0,5000
NVAG04,33,1d,03C,0.0,120,0,500
NVAGC1,5,20a,CONS6,0.0,120,0,999999
NVAGC2,5,20a,CONS3,0.0,30,0,999999
NVAGOC,21,25b,ZZZ5,0.0,120,0,999999
NVAK01,33,1d,03,0.0,120,0,4000
NVAM01,21,25b,ZZZ5,0.0,30,0,2000
NVAN01,19,4b,06,0.0,120,0,0
NVAN02,21,25b,ZZZ5,0.0,120,0,3000
NVAN03,21,25b,ZZZ5,0.0,120,0,3000
NVAN04,4,1b,03,0.0,120,0,1500
NVANC1,5,20a,CONS6,0.0,120,0,999999
NVANOC,5,20a,ZZZ5,0.0,120,0,999999
NVAR01,40,6b,04,0.0,120,0,500
NVAR02,21,25b,ZZZ5,0.0,120,0,5000
NVAR03,45,2a,06,0.0,120,0,5000
NVAR04,21,25b,ZZZ5,0.0,120,0,500
NVAR05,18,4a,06,0.0,120,0,7500
NVAR06,30,7a,05,0.0,60,0,999999
NVAR07,16,1c,03,0.0,120,0,2000
NVAR08,18,4a,06,0.0,120,0,2000
NVAR09,18,4a,06,0.0,120,0,999999
NVAR10,18,4a,06,0.0,120,0,999999
NVARC1,21,25b,ZZZ5,0.0,120,0,999999
NVARC2,5,20a,CONS6,0.0,30,0,999999
NVARCO,5,20a,CONS6,0.0,30,0,999999
NVAROC,21,25b,ZZZ5,0.0,120,0,999999
NVAS01,21,25b,ZZZ5,0.0,120,0,500
NVAS02,41,10a,02,0.0,120,0,1000
NVAS03,34,1e,03,0.0,120,0,5000
NVAS04,21,25b,ZZZ5,0.0,120,0,3000
NVAS05,40,6b,04,0.0,120,0,500
NVAS06,40,6b,04,0.0,120,0,500
NVET01,21,25b,ZZZ5,0.0,120,0,3000
NVET02,21,25b,ZZZ5,0.0,120,0,5000
NVET03,21,25b,ZZZ5,0.0,120,0,5000
NVIE01,18,4a,06,0.0,120,0,2500
NVOA01,33,1d,03,0.0,120,0,999999
NVOH01,30,7a,05,0.0,120,0,1000
NVOR01,21,25b,ZZZ5,0.0,120,0,2000
NVOS01,21,25b,ZZZ5,0.0,120,0,4000
NVOS02,21,25b,ZZZ5,0.0,120,0,4000
NWIB01,21,25b,ZZZ5,0.0,120,0,3000
NWID01,41,10a,02,0.0,120,0,7500
NWID02,29,5a,01EXP,0.0,120,0,6000
NWIE03,14,3b,06,0.0,120,0,1000
NWIG01,40,6b,04,0.0,120,0,3000
NWYB01,40,6b,04,0.0,120,0,2000
NYES01,36,7c,05,0.0,120,0,1000
NZAD01,39,6a,02,0.0,60,0,999999
OALN01,31,8a,06,0.0,120,0,5000
OAMP01,41,10a,02,0.0,120,0,3000
OAVC01,41,10a,02,0.0,120,0,1000
OAVN01,32,7b,05,0.0,120,0,10000
OAVNC1,21,25b,ZZZ5,0.0,30,0,999999
OAVNOC,21,25b,ZZZ5,0.0,120,0,999999
OBCP01,21,25b,ZZZ5,0.0,120,0,1500
OBHO01,41,10a,02,0.0,120,0,7500
OBHO02,21,25b,ZZZ5,0.0,120,0,500
OBHO03,40,6b,04C,0.0,120,0,4000
OBHOC1,21,25b,ZZZ5,0.0,120,0,999999
OBHOOC,5,20a,CONS2,0.0,30,0,999999
OBHOPC,5,20a,CONS4,0.0,30,0,999999
OBLC01,21,25b,ZZZ5,0.0,120,0,5000
OBLC02,31,8a,05,0.0,120,0,999999
OBLCC1,5,20a,CONS6,0.0,30,0,999999
OBLCOC,21,25b,ZZZ5,0.0,120,0,999999
OBOY01,46,2b,05,0.0,120,5,10000
OBOYOC,5,20a,CON5S,0.0,120,0,999999
OBRU01,39,6a,04,0.0,120,0,3000
OBRW01,21,25b,ZZZ5,0.0,120,0,2000
OCHN01,31,8a,06,0.0,120,0,5000
OCHT01,43,3a,05,0.0,120,0,1000
OCLI01,21,25b,ZZZ5,0.0,120,0,999999
OCLI02,32,7b,05,0.0,120,0,0
OCOK01,21,25b,ZZZ5,0.0,120,0,2000
OCOK02,21,25b,ZZZ5,0.0,120,0,2000
OCOK03,21,25b,ZZZ5,0.0,120,0,1000
OCRS01,37,11a,03,0.0,120,0,25000
OCRU02,21,25b,ZZZ5,0.0,120,0,2000
ODMP01,21,25b,ZZZ5,0.0,120,0,3000
ODOK01,49,10a,02,0.0,120,0,1000
ODOL01,43,3a,05,0.0,120,0,2500
OEBN01,21,25b,ZZZ2,0.0,120,0,5000
OEMN01,39,6a,02,0.0,30,0,1000
OFLR01,46,2b,05,0.0,120,0,7500
OFLRC1,5,20a,CONS5,0.0,30,0,999999
OFLROC,5,20a,CONS7,0.0,120,0,999999
OFRN01,21,25b,ZZZ5,0.0,120,0,20000
OFZP01,18,4a,06,0.0,120,0,4000
OGKP01,4,1b,03,0.0,120,0,1500
OGLB01,20,25a,ZZZ3,0.0,120,0,500
OGLBOC,21,25b,ZZZ5,0.0,30,0,999999
OGLV01,21,25b,ZZZ5,0.0,120,0,2000
OGLV02,39,6a,02,0.0,120,0,2000
OGMP01,37,11a,06,0.0,120,0,2500
OGOD01,4,1b,01,0.0,120,0,500
OGOD02,21,25b,ZZZ5,0.0,120,0,500
OGOD03,21,25b,ZZZ5,0.0,120,0,500
OGOD04,47,2c,06,0.0,120,0,999999
OGOD05,47,2c,06,0.0,120,0,5000
OGODC1,21,25b,ZZZ5,0.0,120,0,999999
OGODC2,21,25b,06,0.0,30,0,999999
OGODOC,5,20a,ZZZ5,0.0,120,0,999999
OGOL01,32,7b,07,0.0,120,0,10000
OGRB01,47,2c,06,0.0,120,0,3000
OGRL01,31,8a,06,0.0,120,0,5000
OGRV01,47,2c,06,0.0,120,0,999999
OHOS03,41,10a,02,0.0,120,0,3000
OIFC01,16,1c,03C,0.0,120,0,2000
OIFCC1,5,20a,CONS3,0.0,30,0,999999
OIFCOC,21,25b,ZZZ5,0.0,30,0,999999
OIRN01,21,25b,ZZZ5,0.0,120,0,4000
OIRNOC,21,25b,ZZZ5,0.0,30,0,999999
OJEN01,29,5a,06,0.0,120,0,5000
OKGM01,31,8a,06,0.0,120,0,999999
OKGM02,2,1a,03,0.0,120,0,999999
OKHM01,18,4a,06,0.0,120,0,0
OKHT01,31,8a,06,0.0,120,0,5000
OKHTC1,5,20a,ZZZ5,0.0,30,0,999999
OKHTOC,21,25b,ZZZ5,0.0,120,0,999999
OKHZ01,19,4b,03,0.0,120,0,999999
OKLO01,49,10a,02,0.0,120,0,1000
OKMF01,20,25a,ZZZ2,0.0,120,0,0
OKNB01,21,25b,ZZZ5,0.0,120,0,5000
OKNB02,21,25b,ZZZ5,0.0,120,0,4000
OKNX01,21,25b,ZZZ5,0.0,120,0,3000
OKOL01,37,11a,03,0.0,120,0,7500
OKRG01,21,25b,ZZZ5,0.0,120,0,3000
OKRG02,21,25b,ZZZ5,0.0,120,0,3000
OKRP01,43,3a,06,0.0,120,0,2000
OLCP01,40,6b,04,0.0,120,0,0
OLEN01,20,25a,ZZZ1,0.0,120,0,0
OLEN02,20,25a,ZZZ1,0.0,120,0,0
OLOK01,21,25b,ZZZ5,0.0,120,0,6000
OLOK02,21,25b,ZZZ5,0.0,120,0,999999
OMBM01,20,25a,CITC,0.0,120,0,1500
OMMW01,34,1e,03,0.0,120,0,2000
OMOD01,14,3b,06,0.0,120,0,10000
OMOD02,49,10a,02,0.0,120,0,1000
OMOD04,41,10a,02,0.0,120,0,2000
OMOD05,21,25b,ZZZ5,0.0,120,0,1000
OMOI01,32,7b,05,0.0,120,0,999999
OMOL01,30,7a,05,0.0,120,0,20000
OMOLC1,5,20a,CON6S,0.0,120,0,999999
OMOS01,14,3b,06,0.0,120,0,1000
OMOS02,20,25a,CITC,0.0,120,0,3000
OMOS03,46,2b,07,0.0,120,0,10000
OMOS04,21,25b,ZZZ5,0.0,120,0,15000
OMOS05,43,3a,06,0.0,120,0,10000
ONKS01,14,3b,06,0.0,120,0,2000
ONOR01,43,3a,06,0.0,120,0,2000
ONSP01,37,11a,03,0.0,120,0,5000
OPHE01,21,25b,ZZZ1,0.0,120,0,2500
OPHO01,32,7b,06,0.0,120,0,5000
OPIN01,21,25b,ZZZ5,0.0,120,0,2000
OPLW01,21,25b,ZZZ5,0.0,120,0,1500
OPRC01,21,25b,ZZZ5,0.0,120,0,10000
OPRF01,40,6b,04C,0.0,120,0,5000
OPRF02,21,25b,ZZZ5,0.0,120,0,6000
OPRF03,21,25b,ZZZ5,0.0,120,0,5000
OPRFC1,21,25b,ZZZ5,0.0,120,0,999999
OPRFC3,5,20a,ZZZ5,0.0,120,0,999999
OPRFOC,21,25b,ZZZ5,0.0,120,0,999999
OPRM01,43,3a,06,0.0,120,0,4000
OPRMOC,5,20a,CONS,0.0,60,0,999999
OPRO01,21,25b,ZZZ5,0.0,120,0,1500
OPRO02,43,3a,06,0.0,120,0,5000
OPRO03,21,25b,ZZZ5,0.0,120,0,3000
OPRP01,39,6a,02,0.0,120,0,5000
OPRV01,20,25a,ZZZ1,0.0,120,0,2000
OPRV02,46,2b,03,0.0,120,0,15000
OPSP01,41,10a,02,0.0,120,0,5000
ORMP01,20,25a,ZZZ2,0.0,120,0,0
OROP01,41,10a,02,0.0,120,0,2000
OROS01,31,8a,06C,0.0,120,0,1500
OROS02,21,25b,ZZZ5,0.0,120,0,2000
OROS04,37,11a,03,0.0,120,0,10000
OROS05,37,11a,03C,0.0,120,0,10000
OROS06,40,6b,04C,0.0,120,0,2000
OROSC1,5,20a,STAN3,0.0,120,0,999999
OROSC2,21,25b,ZZZ5,0.0,120,0,999999
OROSC3,5,20a,CONS6,0.0,30,0,999999
OROSCC,5,20a,ZZZ5,0.0,30,0,999999
OROSCO,5,20a,CONS3,0.0,120,0,999999
OROSOC,21,25b,ZZZ5,0.0,30,0,999999
OSAA01,21,25b,ZZZ5,0.0,120,0,1000
OSAA03,21,25b,ZZZ5,0.0,120,0,4000
OSAH01,20,25a,CITC,0.0,120,0,1500
OSLP01,39,6a,02,0.0,120,0,20000
OSLPC1,5,20a,CON4S,0.0,30,0,999999
OSPLOC,6,21a,CONS4,0.0,30,0,999999
OSPRC2,6,21a,CONS4,0.0,30,0,999999
OSPROC,6,21a,CONS,0.0,30,0,999999
OSTL01,42,10b,02,0.0,120,0,5000
OSTR01,21,25b,ZZZ5,0.0,120,0,0
OSTU01,41,10a,02,0.0,120,0,3000
OSYN01,36,7c,05,0.0,120,0,999999
OTHM02,31,8a,06,0.0,120,0,4000
OWOD01,34,1e,03,0.0,120,0,2000
OWOD02,46,2b,05,0.0,120,0,10000
OWODOC,5,20a,STAND,0.0,120,0,999999
OWRB01,25,11b,06,0.0,120,0,5000
OYPP01,47,2c,06,0.0,120,0,999999
PASE01,40,6b,04,0.0,120,0,3000
PASE02,40,6b,04,0.0,120,0,2000
PBAE01,25,11b,06,0.0,120,0,999999
PCOP01,40,6b,04,0.0,120,0,3000
PCOT01,21,25b,ZZZ5,0.0,120,0,2000
PDIL01,2,1a,03,0.0,120,0,999999
PDILOC,5,20a,CON3S,0.0,120,0,999999
PDIP01,47,2c,06,0.0,120,0,15000
PDIP02,2,1a,03,0.0,120,0,1000
PDUI01,43,3a,06,0.0,120,0,1500
PDUL01,47,2c,06,0.0,120,0,3000
PESL01,41,10a,02,0.0,120,0,2000
PGOA01,39,6a,04,0.0,30,0,0
PHYE01,21,25b,ZZZ5,0.0,120,0,3000
PHYE02,31,8a,05C,0.0,120,0,500
PHYE03,19,4b,03,0.0,120,0,3000
PHYEC1,5,20a,ZZZ5,0.0,120,0,999999
PJEP01,21,25b,ZZZ5,0.0,120,0,2000
PKAI01,21,25b,ZZZ5,0.0,120,0,15000
PMAU01,20,25a,CITC,0.0,120,0,5000
PMAU02,34,1e,03,0.0,120,0,999999
PMOA01,19,4b,03,0.0,120,0,20000
PMOH01,37,11a,03,0.0,30,0,1000
PMSE01,21,25b,ZZZ5,0.0,120,0,6000
PMSEC1,21,25b,ZZZ5,0.0,30,0,999999
PMSEOC,21,25b,ZZZ5,0.0,120,0,999999
POPE01,40,6b,04,0.0,120,0,2000
PPAA01,21,25b,ZZZ5,0.0,120,0,500
PPAP01,40,6b,04C,0.0,120,0,5000
PPAP02,40,6b,04C,0.0,120,0,5000
PPAPC1,5,20a,ZZZ5,0.0,30,0,999999
PPAPC2,21,25b,ZZZ5,0.0,30,0,999999
PPAPCO,5,20a,ZZZ5,0.0,30,0,999999
PPAPOC,21,25b,ZZZ5,0.0,30,0,999999
PRAH01,18,4a,06,0.0,120,0,5000
PROE01,20,25a,04,0.0,120,0,20000
PROE02,21,25b,ZZZ5,0.0,120,0,4000
PROEC1,5,20a,CONS4,0.0,30,0,999999
PROEC2,5,20a,CON4S,0.0,120,0,999999
PROECO,5,20a,CONS4,0.0,120,0,999999
PROEOC,21,25b,ZZZ5,0.0,30,0,999999
PSEE01,33,1d,03,0.0,120,0,2000
PSEI01,4,1b,03,0.0,120,0,2000
PSUCAM,5,20a,CON5S,0.0,30,0,999999
PSUE01,21,25b,ZZZ5,0.0,120,0,10000
PSUE02,30,7a,05,0.0,120,0,5000
PSUE03,41,10a,02,0.0,120,0,2000
PSUEC1,5,20a,CONS5,0.0,120,0,999999
PSUEC2,21,25b,ZZZ5,0.0,120,0,999999
PSUEC3,5,20a,01EXP,0.0,30,0,999999
PSUEOC,5,20a,01EXP,0.0,30,0,999999
RABA01,21,25b,ZZZ5,0.0,60,0,5000
RABAC1,5,20a,CONS2,0.0,60,0,999999
RABACO,5,20a,CONS4,0.0,30,0,999999
RABAO1,40,6b,04C,0.0,120,0,5000
RABAOC,21,25b,ZZZ5,0.0,30,0,999999
RAFI01,46,2b,07,0.0,90,0,10000
RAFO01,21,25b,ZZZ5,0.0,120,0,10000
RAFO02,2,1a,03,0.0,120,0,20000
RAMA01,49,10a,02,0.0,120,0,2000
RARA01,21,25b,ZZZ5,0.0,120,0,500
RBAN01,32,7b,05,0.0,120,0,3000
RBAR01,31,8a,05,0.0,120,0,7500
RBAU01,20,25a,CITC,0.0,120,0,2000
RBEE01,21,25b,ZZZ5,0.0,120,0,3000
RBEG01,39,6a,04,0.0,120,0,5000
RBEM01,36,7c,05,0.0,120,0,5000
RBEM02,2,1a,03C,0.0,120,0,5000
RBEMC1,5,20a,CONS3,0.0,30,0,999999
RBEMOC,21,25b,ZZZ5,0.0,120,0,999999
RBUG01,25,11b,02,0.0,120,0,10000
RBUG02,40,6b,04C,0.0,120,0,5000
RBUGC1,5,20a,CONS4,0.0,120,0,999999
RBUL01,21,25b,ZZZ5,0.0,120,0,1000
RBUN01,32,7b,05,0.0,120,0,3000
RBUNC1,5,20a,CONS6,0.0,30,0,999999
RBUNOC,21,25b,ZZZ5,0.0,30,0,999999
RBUR01,21,25b,ZZZ5,0.0,120,0,1000
RCAE01,39,6a,04,0.0,120,0,20000
RCAE02,20,25a,ZZZ2,0.0,120,0,2000
RCAE03,46,2b,05,0.0,120,0,10000
RCAEC1,5,20a,CONS5,0.0,30,0,999999
RCAEOC,21,25b,ZZZ5,0.0,120,0,999999
RCAR01,2,1a,03,0.0,120,0,7500
RCAS01,21,25b,ZZZ5,0.0,120,0,4000
RCAT01,21,25b,ZZZ5,0.0,120,0,2000
RCHI01,21,25b,ZZZ5,0.0,120,0,0
RCON01,2,1a,03,0.0,120,0,2000
RCON02,46,2b,03,0.0,120,0,2000
RCON03,21,25b,ZZZ5,0.0,120,0,3000
RCON04,21,25b,ZZZ,0.0,120,0,2000
RCON05,2,1a,03,0.0,120,0,1500
RDAR01,36,7c,05,0.0,120,0,4000
RDIEOC,5,20a,CONS2,0.0,30,0,999999
RDLD01,21,25b,ZZZ5,0.0,120,0,1000
RDOE01,28,5b,06,0.0,120,0,500
RDOF01,31,8a,06,0.0,120,0,0
RDOF02,30,7a,05,0.0,120,0,5000
RDOFC0,5,20a,ZZZ5,0.0,120,0,999999
RDOFOC,5,20a,STAN3,0.0,120,0,999999
RDUB01,49,10a,02,0.0,120,0,3000
RFER01,39,6a,04,0.0,120,0,1000
RFER02,19,4b,03,0.0,120,0,500
RFOE01,37,11a,03,0.0,120,0,2000
RGEB01,21,25b,ZZZ5,0.0,120,0,500
RHAB01,21,25b,ZZZ5,0.0,120,0,7500
RHAF01,21,25b,ZZZ5,0.0,120,0,1500
RHAF02,21,25b,ZZZ5,0.0,120,0,2000
RHAL01,20,25a,ZZZ1,0.0,120,0,0
RHAT01,21,25b,ZZZ5,0.0,120,0,2500
RHIS01,2,1a,03,0.0,120,0,2000
RHIS02,21,25b,ZZZ5,0.0,120,0,2000
RHOSC1,5,20a,CONS5,0.0,30,0,999999
RIBA01,49,10a,02,0.0,60,0,999999
RJAI01,21,25b,ZZZ5,0.0,120,0,200000000
RJAI02,21,25b,ZZZ5,0.0,120,0,999999
RJOD02,31,8a,06,0.0,120,0,4000
RKAA01,21,25b,ZZZ5,0.0,120,0,2000
RKAE01,25,11b,02,0.0,120,0,10000
RKAEC1,5,20a,CONS2,0.0,60,0,999999
RKAEC2,5,20a,CONS2,0.0,60,0,999999
RKAI01,49,10a,02,0.0,30,0,3500
RKAK01,21,25b,ZZZ5,0.0,120,0,1000
RKELC1,5,20a,CON3S,0.0,120,0,999999
RKELOC,5,20a,ZZZ5,0.0,120,0,999999
RKIK01,21,25b,ZZZ5,0.0,120,0,2000
RKOB01,4,1b,03,0.0,120,0,2000
RKOBOC,5,20a,CONS3,0.0,30,0,999999
RLEO01,40,6b,04,0.0,120,0,3000
RLEO02,40,6b,04,0.0,120,0,2000
RLEO03,39,6a,02,0.0,120,0,2000
RLEO04,47,2c,06,0.0,120,0,5000
RLEO05,40,6b,04,0.0,120,0,3000
RLEO06,39,6a,04,0.0,120,0,5000
RMAA01,47,2c,03,0.0,120,0,7500
RMAA02,47,2c,03,0.0,120,0,5000
RMAA03,4,1b,03,0.0,120,0,5000
RMAAC1,5,20a,CONS3,0.0,30,0,999999
RMAAC2,5,20a,CON3S,0.0,30,0,999999
RMAAOC,21,25b,ZZZ5,0.0,120,0,999999
RMAB01,21,25b,ZZZ2,0.0,120,0,0
RMAB02,34,1e,03,0.0,120,0,18000
RMABOC,5,20a,STAN3,0.0,120,0,999999
RMAE01,14,3b,06C,0.0,120,5,4000
RMAE02,45,2a,06,0.0,120,0,1000
RMAEC0,5,20a,CONS6,0.0,120,0,999999
RMAI01,28,5b,06,0.0,60,0,999999
RMAIOC,6,21a,CONS5,0.0,30,0,999999
RMAK01,21,25b,ZZZ,0.0,120,0,999999
RMAK02,21,25b,04,0.0,120,0,0
RMAK03,14,3b,06,0.0,120,0,1500
RMAKCO,5,20a,ZZZ5,0.0,120,0,999999
RMAL01,5,20a,STOCK,0.0,30,0,999999
RMAL02,21,25b,ZZZ5,0.0,120,0,5000
RMAR01,21,25b,ZZZ1,0.0,120,0,0
RMAT02,14,3b,05,0.0,120,0,500
RMAT03,21,25b,ZZZ5,0.0,120,0,1000
RMEC01,30,7a,99999,0.0,120,0,2000
RMEE01,21,25b,ZZZ5,0.0,120,0,5000
RMOE01,21,25b,ZZZ5,0.0,120,0,999999
RMOO01,20,25a,CITC,0.0,60,0,3000
RMUR01,33,1d,03,0.0,120,0,3000
RNOD01,21,25b,ZZZ1,0.0,120,0,1500
RNOT01,32,7b,05,0.0,120,0,2000
RNOT02,32,7b,05,0.0,120,0,0
RNOT03,45,2a,06,0.0,120,5,1000
RNOT04,33,1d,03,0.0,120,0,1000
RNOTOC,5,20a,CONS3,0.0,120,0,999999
RNSAEL,13,9a,SALE,0.0,120,0,999999
RNSOSE,13,9a,SALE,0.0,120,0,999999
RNUD01,36,7c,05,0.0,120,0,3000
ROUI01,29,5a,01EXP,0.0,120,0,999999
RPAK01,25,11b,05,0.0,120,0,5000
RPAK02,45,2a,06,0.0,120,0,4000
RPAK03,45,2a,06,0.0,120,0,500
RPAK04,40,6b,04,0.0,120,0,2000
RPAK05,49,10a,02,0.0,120,0,3000
RPAM02,21,25b,ZZZ5,0.0,120,0,2000
RPAM03,39,6a,04,0.0,120,0,20000
RPAMC1,5,20a,CONS4,0.0,30,0,999999
RPAMC2,5,20a,CON4S,0.0,120,0,999999
RPAMOC,21,25b,ZZZ5,0.0,120,0,999999
RPES01,41,10a,02,0.0,120,0,999999
RPES02,41,10a,02,0.0,30,0,2000
RPEU01,41,10a,02,0.0,120,0,1000
RSADOC,5,20a,PROMO,0.0,120,0,999999
RSAIOC,5,20a,CONS2,0.0,30,0,999999
RSCI01,21,25b,ZZZ5,0.0,120,0,3000
RSPI01,31,8a,06,0.0,120,0,5000
RSPI02,40,6b,04,0.0,120,0,5000
RSTA01,40,6b,04,0.0,120,0,5000
RSTA02,41,10a,02,0.0,120,0,500
RSTA03,33,1d,03,0.0,120,0,2500
RSTA04,41,10a,02,0.0,120,0,20000
RSTAC1,5,20a,CONS3,0.0,30,0,999999
RSTAOC,21,25b,ZZZ5,0.0,120,0,999999
RSTO01,21,25b,ZZZ5,0.0,120,0,500
RSTU01,21,25b,ZZZ1,0.0,120,0,2000
RSTUOC,21,25b,ZZZ5,0.0,30,0,999999
RSTY01,39,6a,02,0.0,120,0,500
RSUT01,21,25b,ZZZ5,0.0,120,0,0
RTAG01,6,21a,CONS2,0.0,120,0,999999
RTOG04,21,25b,ZZZ5,0.0,120,0,3000
RTOG05,46,2b,03,0.0,120,0,4000
RTOG12,18,4a,06,0.0,120,0,20000
RTOG15,33,1d,03,0.0,120,0,7000
RTOG16,19,4b,03,0.0,120,0,10000
RTOG17,14,3b,06,0.0,60,0,999999
RTOG18,47,2c,06,0.0,60,0,999999
RTOG19,31,8a,06,0.0,60,0,999999
RTOG20,39,6a,04,0.0,60,0,999999
RTOGC2,21,25b,ZZZ5,0.0,120,0,999999
RTOGC3,21,25b,STAN4,0.0,120,0,999999
RTOGC4,21,25b,STAND,0.0,120,0,999999
RTOGC5,5,20a,CONS5,0.0,120,0,999999
RTOGC6,5,20a,CONS2,0.0,120,0,999999
RTOGC7,5,20a,CONS5,0.0,120,0,999999
RTOGC8,5,20a,CONS5,0.0,120,0,999999
RTOGCO,5,20a,CON2S,0.0,30,0,999999
RTOGGC,5,20a,STAND,0.0,120,0,999999
RTOGOC,5,20a,STAND,0.0,120,0,999999
RTOGOP,5,20a,CON3S,0.0,120,0,999999
RUNO01,41,10a,02,0.0,120,0,2000
RVAI01,41,10a,02,0.0,120,0,0
RVAI02,21,25b,ZZZ5,0.0,120,0,0
RVAI03,31,8a,06,0.0,120,0,15000
RVEE01,45,2a,06,0.0,120,0,500
RVES01,21,25b,ZZZ5,0.0,120,0,2000
RVOS01,47,2c,07,0.0,120,0,2000
RVOS02,34,1e,03,0.0,120,0,5000
SABO01,40,6b,04C,0.0,120,0,3000
SABO02,20,25a,CITC,0.0,120,0,5000
SABOC1,5,20a,CONS4,0.0,120,0,999999
SASO03,16,1c,03C,0.0,30,0,999999
SASOC1,5,20a,CON3S,0.0,120,0,999999
SASOC2,5,20a,CONS3,0.0,120,18,999999
SBET02,37,11a,03,0.0,120,0,5000
SBETC1,5,20a,CONS6,0.0,30,0,999999
SBETOC,21,25b,ZZZ5,0.0,120,0,999999
SBIH01,21,25b,ZZZ5,0.0,120,0,4000
SBIM01,47,2c,06,0.0,120,0,4000
SBIMC1,5,20a,CONS6,0.0,30,0,999999
SCAA01,21,25b,ZZZ5,0.0,120,0,500
SCAH06,5,20a,CONS,0.0,60,0,999999
SCAO01,21,25b,ZZZ5,0.0,120,0,4000
SCAOOC,5,20a,CONS6,0.0,30,0,999999
SCAS01,49,10a,02,0.0,120,0,2500
SCAS02,41,10a,02,0.0,120,0,5000
SCAS03,49,10a,02,0.0,120,0,1000
SCIK01,21,25b,ZZZ5,0.0,120,0,3000
SCOM01,21,25b,ZZZ5,0.0,120,0,500
SCOMOC,6,21a,CONS,0.0,30,0,999999
SCUT01,21,25b,ZZZ5,0.0,30,0,999999
SDEA01,47,2c,05,0.0,120,0,10000
SDEM01,4,1b,03,0.0,120,0,20000
SDEM02,21,25b,ZZZ,0.0,120,0,3000
SDEMC1,5,20a,CONS3,0.0,30,0,999999
SDEMOC,21,25b,ZZZ5,0.0,30,0,999999
SEAT01,21,25b,ZZZ5,0.0,120,0,5000
SEAT02,21,25b,ZZZ5,0.0,120,0,3000
SEAT03,31,8a,06,0.0,120,5,2000
SEAT04,33,1d,03,0.0,120,0,6000
SEATC1,5,20a,ZZZ5,0.0,120,0,10000
SEATCO,5,20a,CONS3,0.0,30,0,999999
SEATOC,21,25b,ZZZ5,0.0,120,0,999999
SEKT02,2,1a,03,0.0,120,0,500
SEKT03,40,6b,04,0.0,120,0,2000
SEKT04,21,25b,ZZZ1,0.0,120,0,0
SESE01,41,10a,02,0.0,120,0,1000
SESEOC,6,21a,CONS,0.0,120,0,999999
SESI01,31,8a,06,0.0,120,0,2000
SEXE01,21,25b,ZZZ5,0.0,120,0,5000
SEYO01,21,25b,ZZZ5,0.0,120,0,500
SFIM01,30,7a,05,0.0,30,0,3000
SFOC01,40,6b,01,0.0,120,0,30000
SFOC02,21,25b,01,0.0,30,0,30000
SGBM01,21,25b,ZZZ5,0.0,120,0,5000
SHAS01,4,1b,03,0.0,30,0,500
SHAS02,21,25b,ZZZ5,0.0,120,0,4000
SHAS03,18,4a,06,0.0,120,0,7000
SHAS04,16,1c,03,0.0,120,0,2000
SINI01,36,7c,05C,0.0,120,0,2000
SINI02,41,10a,02,0.0,120,0,2500
SINIC1,5,20a,CONS5,0.0,30,0,999999
SINIOC,21,25b,ZZZ5,0.0,120,0,999999
SJAS01,43,3a,05,0.0,120,0,5000
SJOE01,21,25b,ZZZ5,0.0,120,0,3000
SJOHOC,5,20a,CONS2,0.0,60,0,999999
SKAI01,41,10a,02,0.0,120,0,1500
SKAO01,41,10a,02C,0.0,120,0,3000
SKAOC1,5,20a,CONS2,0.0,30,0,999999
SKAOOC,5,20a,CON2S,0.0,120,0,999999
SKEH01,43,3a,05,0.0,120,0,999999
SLAE01,21,25b,ZZZ5,0.0,120,0,3000
SLEE01,32,7b,05,0.0,120,5,3000
SLEE02,20,25a,ZZZ2,0.0,120,0,5000
SLEE03,14,3b,06,0.0,120,0,2500
SLEE04,32,7b,06,0.0,30,0,2000
SLEH01,37,11a,03,0.0,120,0,7500
SLEHCO,5,20a,STAND,0.0,30,0,999999
SLEO01,46,2b,03,0.0,120,0,1000
SLIS01,39,6a,04,0.0,120,0,1000
SLUT01,40,6b,04,0.0,120,0,2000
SMAA01,20,25a,CITC,0.0,120,0,5000
SMAA02,20,25a,ZZZ3,0.0,120,0,5000
SMAE01,20,25a,CITC,0.0,120,0,3000
SMAE02,19,4b,03,0.0,120,0,0
SMAE03,18,4a,06,0.0,120,0,1000
SMAH01,20,25a,06,0.0,120,0,5000
SMAI01,34,1e,03,0.0,120,0,2000
SMAT02,16,1c,03C,0.0,120,0,2000
SMATC1,5,20a,CON3S,0.0,120,0,999999
SMATC2,5,20a,CONS3,0.0,120,0,999999
SMEK02,21,25b,ZZZ5,0.0,120,0,3000
SMIT01,16,1c,03,0.0,120,0,3000
SMOI01,29,5a,06,0.0,120,0,5000
SMOW01,19,4b,03,0.0,120,0,15000
SMTH01,34,1e,03,0.0,120,0,50000
SMTHOC,5,20a,STAN3,0.0,120,0,999999
SMUH01,19,4b,06,0.0,120,0,999999
SNTA01,31,8a,06,0.0,120,0,100
SNTH01,39,6a,02,0.0,120,0,0
SNTO01,18,4a,06,0.0,120,0,5000
SNUI01,40,6b,04,0.0,120,0,5000
SNUI02,40,6b,04C,0.0,120,0,2000
SNUIC1,5,20a,CONS4,0.0,30,0,999999
SOOT01,21,25b,ZZZ1,0.0,120,0,3000
SPIT01,40,6b,04C,0.0,120,0,2500
SPITCO,5,20a,ZZZ5,0.0,120,0,999999
SRAO01,4,1b,03,0.0,30,0,2000
SROE01,30,7a,05,0.0,120,0,0
SROE02,1,9a,01,0.0,120,0,999999
SROE05,32,7b,05,0.0,120,0,3500
SROE06,45,2a,06,0.0,120,0,3000
SROEC1,5,20a,PROMO,0.0,120,0,999999
SROOOC,5,20a,CONS2,0.0,30,0,999999
SROS01,47,2c,06,0.0,120,0,5000
SROS02,25,11b,06,0.0,120,0,5000
SSEH01,47,2c,06,0.0,120,0,2000
SUYO01,21,25b,ZZZ1,0.0,120,0,5000
SVII01,42,10b,02,0.0,120,0,3000
SVII02,31,8a,06,0.0,120,0,5000
SVII03,29,5a,06,0.0,120,0,3000
SVII04,21,25b,ZZZ5,0.0,120,0,500
SVII05,29,5a,06,0.0,120,0,1500
SVII06,21,25b,ZZZ5,0.0,120,0,2000
SVII07,43,3a,06,0.0,120,0,5000
SVII09,30,7a,05,0.0,120,0,10000
SVII11,39,6a,04,0.0,120,0,2000
SVII12,32,7b,05,0.0,120,0,1000
SVII13,46,2b,05,0.0,120,0,1000
SVII14,32,7b,05,0.0,120,0,5000
SVII15,32,7b,05,0.0,120,0,2000
SVII16,46,2b,05,0.0,120,0,1000
SVII17,41,10a,02,0.0,30,0,10000
SVII18,39,6a,02,0.0,120,0,3000
SVII19,32,7b,05,0.0,120,0,999999
SVIIC1,5,20a,STAND,0.0,30,0,999999
SVIIC2,5,20a,CON2S,0.0,120,0,999999
SVIIOC,5,20a,STAND,0.0,120,0,999999
SVIISQ,5,20a,CONS5,0.0,60,0,999999
SVIIU1,5,20a,CONS5,0.0,30,0,999999
SVIS01,19,4b,03,0.0,120,0,2000
SVIT01,21,25b,ZZZ5,0.0,120,0,2000
SVIT02,21,25b,ZZZ5,0.0,120,0,500
SVIU01,42,10b,02,0.0,120,0,2000
SVIU02,41,10a,02,0.0,120,0,5000
SVIU03,42,10b,02,0.0,120,0,4000
SVIU04,31,8a,06,0.0,120,0,5000
SVIU05,34,1e,03,0.0,30,0,2500
SWET01,41,10a,02,0.0,120,0,20000
SWET02,29,5a,06,0.0,120,0,1000
SWET03,32,7b,05,0.0,120,0,999999
SWET04,41,10a,02,0.0,120,0,3000
SWET05,21,25b,ZZZ1,0.0,120,0,0
SWET06,49,10a,02,0.0,120,0,999999
SWETC1,21,25b,ZZZ5,0.0,30,0,999999
SWETC2,5,20a,01,0.0,120,0,999999
SWETC3,5,20a,CONS5,0.0,120,0,999999
SWETOC,21,25b,ZZZ5,0.0,30,0,999999
SWIE01,21,25b,ZZZ5,0.0,120,0,2000
SWIEC1,21,25b,ZZZ5,0.0,30,0,999999
SWIEOC,21,25b,ZZZ5,0.0,120,0,999999
SYSE01,31,8a,06,0.0,120,0,4000
SYSE02,21,25b,ZZZ5,0.0,120,5,7500
SYSE03,21,25b,ZZZ5,0.0,120,0,3000
SYSE04,33,1d,03,0.0,120,0,13000
SYSEOC,5,20a,CONS6,0.0,120,0,999999
TACI01,29,5a,06C,0.0,120,0,1500
TACIC1,5,20a,CONS6,0.0,120,0,999999
TACIC2,5,20a,CON6S,0.0,120,0,999999
TBEH01,42,10b,02,0.0,120,0,12000
TBEHCO,5,20a,STAND,0.0,120,0,999999
TBOH01,46,2b,05,0.0,120,0,2000
TBOH02,41,10a,02,0.0,120,0,5000
TBOH03,37,11a,03,0.0,30,0,2000
TBOH04,40,6b,04,0.0,60,0,999999
TBOJ01,32,7b,05C,0.0,120,0,2000
TBOJC1,5,20a,CONS7,0.0,30,0,999999
TBOJOC,21,25b,ZZZ5,0.0,120,0,999999
TBOS01,37,11a,03,0.0,120,0,0
TCIY01,14,3b,06,0.0,120,0,3000
TCIY02,14,3b,06,0.0,120,0,2000
TDAE01,31,8a,06,0.0,120,0,2500
TDUO01,32,7b,05,0.0,120,0,2000
TDUO02,21,25b,ZZZ5,0.0,120,0,500
TDUT01,39,6a,02,0.0,120,0,3000
TESH01,32,7b,05,0.0,120,0,4000
TEXR01,21,25b,ZZZ5,0.0,120,0,6000
TEXR02,1,9a,ZZZ5,0.0,60,0,999999
TGAE01,40,6b,04,0.0,120,0,1000
TGAE02,21,25b,ZZZ5,0.0,120,0,4000
TGOZ01,21,25b,ZZZ5,0.0,120,0,0
TINO01,21,25b,ZZZ5,0.0,120,0,5000
TINOOC,5,20a,CONS6,0.0,120,0,999999
TINR01,40,6b,04,0.0,30,18,20000
TINRC1,5,20a,CON4S,0.0,120,0,999999
TINRC2,5,20a,CONS4,0.0,120,0,999999
TJIH01,21,25b,ZZZ5,0.0,120,0,2000
TKAH01,41,10a,02,0.0,120,0,2500
TKAZC1,1,9a,01,0.0,120,0,999999
TKOZ01,21,25b,ZZZ2,0.0,120,0,10000
TLAI01,21,25b,ZZZ5,0.0,120,0,5000
TLES03,18,4a,06,0.0,120,0,1500
TLIE01,21,25b,ZZZ5,0.0,120,0,3000
TLOT01,19,4b,03,0.0,120,0,15000
TLOU01,14,3b,06,0.0,120,0,30000
TLOU02,20,25a,ZZZ2,0.0,120,0,5000
TLUC01,49,10a,02,0.0,120,0,2000
TMAE01,21,25b,ZZZ5,0.0,120,0,3000
TMAE02,30,7a,05,0.0,120,0,2000
TMAH01,34,1e,03,0.0,120,0,2000
TMAH02,21,25b,ZZZ5,0.0,30,0,999999
TMAH03,25,11b,02,0.0,120,0,2000
TMAH04,20,25a,ZZZP,0.0,120,0,2000
TMAL01,4,1b,03,0.0,120,0,10000
TMAL02,42,10b,02,0.0,120,0,5000
TMAL03,31,8a,06,0.0,120,0,2500
TMAL04,30,7a,05,0.0,120,0,3000
TMALOC,5,20a,STAND,0.0,120,0,999999
TMAO01,20,25a,CITC,0.0,120,0,3000
TMAS01,47,2c,06,0.0,30,0,999999
TMAS02,21,25b,ZZZ5,0.0,120,0,5000
TMAS03,28,5b,06,0.0,30,0,0
TMAT01,32,7b,05,0.0,120,0,1500
TMES01,20,25a,ZZZ4,0.0,120,0,3000
TMNU01,21,25b,ZZZ5,0.0,120,0,3000
TMOA01,41,10a,02,0.0,120,0,5000
TMOA02,18,4a,06,0.0,120,0,4000
TMOA03,43,3a,06,0.0,120,0,2500
TMOAOC,5,20a,CONS6,0.0,30,0,999999
TMOH01,45,2a,06,0.0,120,0,4000
TMOS01,46,2b,05,0.0,120,0,2000
TMOS02,45,2a,06,0.0,120,0,0
TMOS03,19,4b,06,0.0,120,0,2000
TMUH01,39,6a,04C,0.0,120,0,5000
TMUHC1,5,20a,CONS4,0.0,120,0,999999
TMUU01,41,10a,02,0.0,120,0,5000
TNAH02,14,3b,06,0.0,120,0,2500
TNAH03,31,8a,06,0.0,120,0,2500
TNAH06,20,25a,ZZZ2,0.0,120,0,10000
TNAH10,36,7c,05,0.0,30,0,10000
TNAHC1,21,25b,ZZZ5,0.0,120,0,999999
TNAHC2,5,20a,CON2S,0.0,120,0,999999
TNAHOC,5,20a,STAN2,0.0,120,0,999999
TNAI01,20,25a,ZZZ4,0.0,120,0,0
TNAI02,41,10a,02,0.0,120,0,999999
TNES01,20,25a,CITC,0.0,120,0,1500
TNES02,20,25a,CITC,0.0,120,0,1500
TNET01,39,6a,04,0.0,120,0,3000
TNETOC,5,20a,CONS4,0.0,30,0,999999
TNOW01,29,5a,06,0.0,120,0,10000
TNUW01,40,6b,04,0.0,120,0,2000
TOPBOT,5,20a,CON6S,0.0,120,0,999999
TOPC10,5,20a,CONS2,0.0,120,0,999999
TOPC11,21,25b,ZZZ5,0.0,120,0,999999
TOPC12,21,25b,CON2S,0.0,120,0,999999
TOPC13,5,20a,CON6S,0.0,120,0,999999
TOPC14,21,25b,ZZZ5,0.0,120,0,999999
TOPCC1,21,25b,ZZZ5,0.0,30,0,999999
TOPCC2,21,25b,ZZZ5,0.0,30,0,999999
TOPCC3,21,25b,ZZZ5,0.0,120,0,999999
TOPCC4,5,20a,CONS6,0.0,120,0,999999
TOPFCS,5,20a,CONS5,0.0,30,0,999999
TOPI01,40,6b,04,0.0,120,0,3000
TOPI02,29,5a,06,0.0,120,0,4000
TOPI03,39,6a,04,0.0,120,0,12000
TOPI04,21,25b,ZZZ5,0.0,120,0,500
TOPI05,21,25b,ZZZ5,0.0,120,0,2000
TOPI06,41,10a,02,0.0,120,0,12000
TOPI07,29,5a,01EXP,0.0,120,0,0
TOPI08,21,25b,ZZZ5,0.0,120,0,2000
TOPI09,21,25b,ZZZ5,0.0,120,0,1000
TOPI10,29,5a,06,0.0,120,0,30000
TOPI11,29,5a,01EXP,0.0,120,0,5000
TOPI12,29,5a,06,0.0,120,0,1500
TOPI13,30,7a,05C,0.0,120,0,10000
TOPI14,29,5a,06,0.0,120,0,30000
TOPI15,30,7a,05,0.0,120,0,20000
TOPI16,40,6b,04,0.0,120,0,2000
TOPI17,39,6a,04,0.0,120,0,5000
TOPI18,40,6b,04,0.0,120,0,2000
TOPI19,40,6b,04,0.0,120,0,2000
TOPI20,40,6b,04,0.0,120,0,2000
TOPI21,41,10a,02,0.0,120,0,1000
TOPI22,21,25b,ZZZ5,0.0,120,0,500
TOPI23,20,25a,ZZZ2,0.0,120,0,0
TOPI24,31,8a,05,0.0,120,0,5000
TOPI25,36,7c,05,0.0,120,0,4000
TOPI26,21,25b,ZZZ5,0.0,120,0,2500
TOPI27,21,25b,ZZZ5,0.0,120,0,2000
TOPI28,21,25b,ZZZ5,0.0,120,0,1000
TOPI29,46,2b,05,0.0,120,0,2000
TOPI30,20,25a,ZZZ4,0.0,120,0,2000
TOPI31,21,25b,ZZZ5,0.0,120,0,2000
TOPI32,39,6a,02,0.0,120,0,2000
TOPI33,31,8a,06,0.0,120,0,2500
TOPI34,30,7a,05,0.0,120,0,6000
TOPI44,45,2a,06,0.0,120,0,2000
TOPI45,21,25b,ZZZ5,0.0,120,0,3000
TOPI46,19,4b,03,0.0,120,0,10000
TOPI47,21,25b,ZZZ,0.0,120,0,3000
TOPI48,33,1d,03,0.0,120,0,5000
TOPI49,32,7b,05,0.0,120,0,1000
TOPI50,19,4b,03,0.0,120,0,2000
TOPI51,32,7b,05,0.0,120,0,1000
TOPI52,40,6b,04,0.0,120,0,500
TOPI53,31,8a,05,0.0,120,0,1000
TOPI54,49,10a,02,0.0,120,0,3000
TOPI55,31,8a,06,0.0,120,0,2000
TOPI56,39,6a,02,0.0,120,0,0
TOPI57,21,25b,ZZZ5,0.0,120,0,999999
TOPI58,14,3b,06,0.0,120,0,20000
TOPI59,31,8a,06C,0.0,120,0,1500
TOPI60,47,2c,06,0.0,120,0,5000
TOPI61,32,7b,05,0.0,120,0,5000
TOPI62,37,11a,03,0.0,120,0,20000
TOPI63,14,3b,06,0.0,30,0,999999
TOPI64,30,7a,05,0.0,120,0,999999
TOPI65,25,11b,06,0.0,120,0,999999
TOPI66,34,1e,03,0.0,120,0,999999
TOPIC1,5,20a,STAND,0.0,120,0,999999
TOPIC2,5,20a,CONS5,0.0,30,0,999999
TOPIC3,5,20a,CONS7,0.0,120,0,999999
TOPIC4,21,25b,ZZZ5,0.0,120,0,999999
TOPIC5,21,25b,ZZZ5,0.0,120,0,999999
TOPIC6,5,20a,CONS6,0.0,120,0,999999
TOPIC7,5,20a,CONS2,0.0,30,0,999999
TOPIC8,21,25b,ZZZ5,0.0,120,0,999999
TOPIC9,21,25b,ZZZ5,0.0,120,0,999999
TOPICC,5,20a,CONS3,0.0,30,0,999999
TOPICO,5,20a,CONS5,0.0,30,0,999999
TOPIKC,5,20a,01EXP,0.0,30,0,999999
TOPIOC,21,25b,ZZZ5,0.0,30,0,999999
TOPIVN,5,20a,CONS5,0.0,30,0,999999
TOPO01,40,6b,04C,0.0,120,0,5000
TOPO02,25,11b,06,0.0,120,0,50000
TOPOC1,5,20a,CONS4,0.0,30,0,999999
TOPOOC,5,20a,CON4S,0.0,30,0,999999
TPAE01,37,11a,03,0.0,120,0,5000
TPAE02,40,6b,04,0.0,120,0,2000
TPAE03,14,3b,06,0.0,120,0,4000
TPAE04,49,10a,02,0.0,120,0,3000
TPAE05,43,3a,06,0.0,120,0,3000
TPAE06,14,3b,06,0.0,120,0,999999
TPAEC1,5,20a,CON6S,0.0,120,0,999999
TPAH01,49,10a,02,0.0,120,0,3000
TPAH02,49,10a,02,0.0,120,0,1500
TPEA01,21,25b,ZZZ5,0.0,120,0,7000
TPOG01,37,11a,03,0.0,120,0,4000
TPOG02,39,6a,04,0.0,120,0,5000
TREI01,34,1e,03,0.0,120,0,5000
TRER01,40,6b,04,0.0,120,0,1000
TRIE01,21,25b,ZZZ5,0.0,120,0,1000
TRUH01,33,1d,03,0.0,120,0,5000
TRUT01,32,7b,05,0.0,120,0,2500
TSEL01,18,4a,06,0.0,120,0,5000
TSIH01,21,25b,ZZZ5,0.0,120,0,0
TSUT01,46,2b,05,0.0,120,0,7500
TSUTOC,21,25b,ZZZ5,0.0,120,0,999999
TWAE01,21,25b,ZZZ5,0.0,120,0,5000
TWAE02,16,1c,03,0.0,120,0,6000
TWAEC1,5,20a,ZZZ5,0.0,30,0,999999
TWAEOC,21,25b,ZZZ5,0.0,30,0,999999
TWEZ01,21,25b,ZZZ5,0.0,120,0,500
TWIB01,34,1e,03,0.0,120,0,2000
TWIB02,34,1e,03,0.0,120,0,2000
TWIBC1,5,20a,CON3S,0.0,120,0,999999
TWIBC2,5,20a,CONS3,0.0,120,0,999999
TWIT01,30,7a,05,0.0,120,0,0
TZIH01,34,1e,03,0.0,60,0,999999
TZIU01,37,11a,03,0.0,120,0,5000
UBAE01,40,6b,04C,0.0,120,0,5000
UBAE02,39,6a,04,0.0,120,0,0
UBAEOC,5,20a,ZZZ5,0.0,120,0,999999
UBLF01,21,25b,ZZZ5,0.0,120,0,500
UBLM01,31,8a,06,0.0,120,0,2000
UBLM02,4,1b,03,0.0,120,0,1000
UBLSOC,6,21a,CONS5,0.0,30,0,999999
UBOG01,21,25b,ZZZ5,0.0,120,0,0
UBOG02,21,25b,ZZZ5,0.0,120,0,0
UBOM01,40,6b,04,0.0,120,0,3000
UBOM02,40,6b,04,0.0,120,0,3000
UBOM03,40,6b,04C,0.0,120,0,3000
UBOMC1,5,20a,ZZZ5,0.0,30,0,999999
UBOR01,39,6a,02,0.0,120,0,15000
UBRW01,2,1a,03,0.0,120,0,3000
UDRI01,21,25b,ZZZ5,0.0,120,0,1000
UDRMOC,5,20a,CONS,0.0,30,0,999999
UEQI01,16,1c,03,0.0,120,0,999999
UFAL01,21,25b,ZZZ5,0.0,120,0,15000
UFALOC,21,25b,ZZZ5,0.0,120,0,999999
UFOR01,21,25b,ZZZ5,0.0,120,0,500
UFOR02,21,25b,ZZZ5,0.0,120,0,3000
UFOR03,21,25b,ZZZ5,0.0,120,0,1000
UFOR04,30,7a,05C,0.0,120,0,2500
UFORC1,5,20a,CONS2,0.0,30,0,999999
UFOROC,21,25b,ZZZ5,0.0,120,0,999999
UGLC01,31,8a,06,0.0,120,0,5000
UGON01,21,25b,ZZZ5,0.0,120,0,500
UGON02,41,10a,02,0.0,120,0,500
UGOW01,19,4b,06,0.0,120,0,7500
UHOS01,32,7b,05,0.0,120,0,5000
UICS01,21,25b,ZZZ1,0.0,120,0,5000
UIDT01,39,6a,02,0.0,120,0,5500
UJOB01,21,25b,ZZZ5,0.0,120,0,3000
UKLG01,21,25b,04,0.0,120,0,5000
UKRG01,21,25b,ZZZ5,0.0,120,0,4000
UKRG02,21,25b,ZZZ5,0.0,120,0,3000
UKRG03,31,8a,06,0.0,120,0,1000
UKRI01,46,2b,05,0.0,120,0,3000
UKRS01,21,25b,ZZZ5,0.0,120,0,3000
ULAD01,46,2b,03,0.0,120,0,999999
ULADC1,5,20a,CONS3,0.0,120,0,999999
UMBL01,39,6a,04,0.0,120,0,3000
UMFN01,28,5b,06,0.0,60,0,999999
UMKZ01,21,25b,ZZZ5,0.0,120,0,2500
UMNK01,2,1a,03,0.0,120,0,2000
UMNKC1,5,20a,CON3S,0.0,120,0,999999
UMOT01,25,11b,06C,0.0,120,0,5000
UMOTC1,5,20a,CONS6,0.0,120,0,999999
UMTB01,41,10a,02,0.0,120,0,3000
UNAD01,49,10a,02,0.0,30,0,3000
UNET01,30,7a,05,0.0,120,0,15000
UNET02,21,25b,ZZZ5,0.0,120,0,15000
UNETC1,5,20a,CON5S,0.0,120,0,999999
UNETOC,5,20a,CONS5,0.0,30,0,999999
UNXM01,20,25a,ZZZ2,0.0,120,0,0
UNXM02,25,11b,06,0.0,120,0,2500
UPHN01,40,6b,04,0.0,120,0,999999
UPOL01,21,25b,ZZZ5,0.0,120,0,1000
URAB01,39,6a,02,0.0,120,0,2500
URAF01,20,25a,CITC,0.0,120,0,2000
URAF02,20,25a,CITC,0.0,120,0,2000
UROX01,45,2a,06,0.0,120,0,2500
UROX02,16,1c,03,0.0,120,0,3000
USON01,21,25b,ZZZ5,0.0,120,0,5000
USOT01,43,3a,06,0.0,120,0,3000
USOT02,21,25b,ZZZ1,0.0,120,5,2000
USOT03,41,10a,02,0.0,120,0,2000
USOT05,21,25b,ZZZ5,0.0,120,0,3000
USOT06,21,25b,ZZZ5,0.0,120,0,500
USOT07,41,10a,02C,0.0,120,0,2000
USOT08,41,10a,02,0.0,120,0,1500
USOTC1,5,20a,CONS2,0.0,120,0,999999
USTT01,4,1b,01,0.0,120,0,999999
USTT02,4,1b,01,0.0,30,12,999999
UTAN01,2,1a,03,0.0,120,0,2000
UTAN02,49,10a,02,0.0,120,0,2000
UTREOC,5,20a,CONS,0.0,30,0,999999
UTRM01,21,25b,ZZZ5,0.0,120,0,1500
UTSE01,14,3b,06,0.0,120,0,0
UYOR01,29,5a,06,0.0,120,0,999999
UYOR02,29,5a,06,0.0,60,0,999999
UYORC1,5,20a,CON6S,0.0,60,0,999999
UZDM00,21,25b,ZZZ5,0.0,30,0,999999
VADE02,21,25b,ZZZ5,0.0,120,0,999999
VCAE01,41,10a,02,0.0,120,0,1000
VDAE01,21,25b,ZZZ5,0.0,120,0,4000
VDAE02,31,8a,06,0.0,120,0,0
VDAEOC,21,25b,ZZZ5,0.0,30,0,999999
VDAI01,21,25b,ZZZ5,0.0,120,5,1000
VDAI02,30,7a,05,0.0,120,0,4000
VDAI03,39,6a,04,0.0,120,5,4000
VDEI01,21,25b,ZZZ5,0.0,120,0,3000
VDEO01,49,10a,02,0.0,120,0,2000
VDER01,28,5b,06,0.0,120,0,20000
VDEROC,5,20a,CON7S,0.0,120,0,999999
VDII01,30,7a,05,0.0,120,0,2000
VGOE01,20,25a,ZZZ4,0.0,120,0,500
VGOE02,40,6b,04C,0.0,120,0,4000
VGOE03,21,25b,ZZZ5,0.0,120,0,0
VGOE04,49,10a,02,0.0,120,0,7500
VGOE06,41,10a,02,0.0,120,0,1500
VGOE07,41,10a,02,0.0,120,0,2000
VGOEC1,5,20a,CONS4,0.0,30,0,999999
VGOEC2,5,20a,CONS2,0.0,30,0,999999
VGOEOC,21,25b,ZZZ5,0.0,120,0,999999
VGOI02,41,10a,02,0.0,120,0,500
VINE01,21,25b,ZZZ,0.0,120,0,500
VIRI01,39,6a,04,0.0,120,0,15000
VLEI02,30,7a,05C,0.0,120,0,5000
VLEI03,30,7a,05,0.0,120,0,10000
VLEI04,21,25b,ZZZ5,0.0,120,0,200
VLEI05,21,25b,ZZZ5,0.0,30,0,30000
VLEI06,21,25b,ZZZ5,0.0,120,0,20000
VLEIC1,5,20a,CONS5,0.0,30,0,999999
VLEIOC,21,25b,ZZZ5,0.0,30,0,999999
VLEY01,46,2b,05,0.0,120,0,7500
VLEYC1,5,20a,CONS5,0.0,30,0,999999
VLEYOC,21,25b,ZZZ5,0.0,120,0,999999
VRIO01,32,7b,05C,0.0,120,0,3000
VRIO02,21,25b,ZZZ5,0.0,120,0,2000
VRIOC1,5,20a,CONS5,0.0,30,0,999999
VRIOC2,5,20a,CON2S,0.0,120,0,999999
VRIOOC,21,25b,ZZZ5,0.0,120,0,999999
VSAA01,20,25a,ZZZ4,0.0,120,0,1500
VSAI01,21,25b,ZZZ5,0.0,120,0,1500
VSAV01,37,11a,03,0.0,120,0,999999
WCEA01,25,11b,02,0.0,120,0,5000
WCOA01,40,6b,04C,0.0,120,0,3000
WCOAC1,21,25b,ZZZ5,0.0,30,0,999999
WCOAOC,21,25b,ZZZ5,0.0,120,0,999999
WDAJ01,21,25b,ZZZ5,0.0,120,0,1000
WDEI01,30,7a,05,0.0,120,0,2000
WDEI02,39,6a,04,0.0,120,0,20000
WDEI03,21,25b,ZZZ5,0.0,120,0,0
WDOL01,21,25b,ZZZ3,0.0,120,0,0
WGOA01,18,4a,07,0.0,120,0,500
WHES01,21,25b,ZZZ5,0.0,120,0,1000
WHOE01,40,6b,04C,0.0,120,0,5000
WHOEC1,5,20a,ZZZ5,0.0,30,0,999999
WHOEOC,21,25b,ZZZ5,0.0,120,0,999999
WKHE01,19,4b,03,0.0,120,0,10000
WLAR01,20,25a,ZZZ3,0.0,120,0,10000
WLAR02,21,25b,ZZZ5,0.0,120,0,20000
WLAR03,25,11b,02,0.0,120,0,5000
WLAROC,21,25b,ZZZ5,0.0,120,0,999999
WLEI01,49,10a,02,0.0,120,0,6000
WLOE01,4,1b,03,0.0,120,0,2000
WMAE01,32,7b,05,0.0,120,0,2000
WNEB01,40,6b,04,0.0,120,0,1000
WNEC01,43,3a,06,0.0,30,0,2500
WNECON,5,20a,CONS,0.0,30,0,999999
WNED01,11,21c,STOCK,0.0,120,0,999999
WNED02,11,21c,STOCK,0.0,120,0,999999
WNED03,11,21c,CONS,0.0,120,0,999999
WNEG01,13,9a,STOCK,0.0,120,0,999999
WNEG02,13,9a,STOCK,0.0,120,0,999999
WNEJ01,12,21b,STOCK,0.0,120,0,999999
WNEL01,30,7a,STOCK,0.0,120,0,0
WNEL02,21,25b,ZZZ5,0.0,120,0,500
WNEL03,14,3b,06,0.0,120,0,0
WNELBS,11,21c,CONS,0.0,120,0,999999
WNELOR,13,9a,STOCK,0.0,120,0,999999
WNER01,5,20a,CONS,0.0,120,0,999999
WNER02,5,20a,CONS,0.0,120,0,999999
WNER03,5,20a,CONS,0.0,120,0,999999
WNES01,12,21b,SAMPL,0.0,120,0,999999
WNES02,11,21c,STOCK,0.0,30,0,999999
WNES03,11,21c,STOCK,0.0,120,0,999999
WNES04,11,21c,STOCK,0.0,120,0,999999
WNES06,11,21c,STOCK,0.0,120,0,999999999
WNES07,11,21c,STOCK,0.0,120,0,999999
WNES08,11,21c,STOCK,0.0,120,0,999999
WNES09,11,21c,STOCK,0.0,120,0,999999
WNES10,11,21c,STOCK,0.0,120,0,999999
WNES11,11,21c,STOCK,0.0,120,0,999999
WNES12,11,21c,STOCK,0.0,120,0,999999
WNES13,11,21c,STOCK,0.0,30,0,999999
WNES14,11,21c,STOCK,0.0,30,0,999999
WNES15,11,21c,STOCK,0.0,120,0,999999
WNES16,11,21c,STOCK,0.0,120,0,999999
WNES17,11,21c,STOCK,0.0,120,0,999999
WNES18,11,21c,STOCK,0.0,120,0,999999
WNES19,13,9a,SALE,0.0,120,0,999999
WNES20,11,21c,STOCK,0.0,120,0,999999
WNES21,11,21c,STOCK,0.0,120,0,999999
WNES22,13,9a,SALE,0.0,60,0,999999
WNESAM,12,21b,SAMPL,0.0,30,0,999999
WNESO5,11,21c,STOCK,0.0,120,0,999999
WNESS1,13,9a,SALE,0.0,120,0,999999
WNESS2,13,9a,01,0.0,30,0,999999
WNEV01,31,8a,06,0.0,120,0,3000
WNEW01,33,1d,03,0.0,120,0,4000
WNKA01,31,8a,06,0.0,120,0,5000
WPOE01,32,7b,05,0.0,120,0,2000
XDUM01,20,25a,CITC,0.0,120,0,99999
XFOD01,21,25b,ZZZ5,0.0,120,5,4000
XFOY01,30,7a,05,0.0,120,0,999999
XFOYC1,5,20a,CONS5,0.0,120,0,999999
XFOYC2,5,20a,CONS5,0.0,120,0,999999
XFOYC3,21,25b,ZZZ5,0.0,120,0,999999
XFOYC4,5,20a,CONS,0.0,120,0,999999
XLOT01,21,25b,ZZZ5,0.0,120,0,3000
XLUA01,21,25b,ZZZ5,0.0,120,0,2000
XTAI01,45,2a,06,0.0,120,0,5000
YBAO02,20,25a,CITC,0.0,120,0,3000
YBIE01,41,10a,02,0.0,120,0,5000
YBOS01,21,25b,ZZZ5,0.0,120,0,999999
YBRA01,21,25b,ZZZ5,0.0,120,0,3000
YBUS01,21,25b,ZZZ5,0.0,120,0,999999
YBUS02,21,25b,ZZZ5,0.0,120,0,5000
YBUS03,21,25b,ZZZ5,0.0,120,0,5000
YBUS04,21,25b,ZZZ5,0.0,120,0,5000
YBUS05,21,25b,ZZZ5,0.0,120,0,5000
YBUS06,21,25b,ZZZ5,0.0,30,0,999999
YBUS07,21,25b,ZZZ5,0.0,120,0,5000
YBUS08,21,25b,ZZZ5,0.0,120,0,10000
YBUS09,21,25b,ZZZ5,0.0,120,0,5000
YCRS01,21,25b,ZZZ1,0.0,120,0,999999
YCRS02,31,8a,06,0.0,30,0,5000
YDES01,37,11a,03,0.0,120,0,15000
YDRO01,19,4b,03,0.0,120,0,7500
YHAA01,21,25b,ZZZ5,0.0,120,0,7500
YHAE01,21,25b,ZZZ5,0.0,120,5,1000
YKAE01,46,2b,05,0.0,120,0,4000
YKAE02,43,3a,05,0.0,120,0,5000
YKAE03,30,7a,05,0.0,120,0,3000
YKAE04,21,25b,ZZZ5,0.0,120,0,3000
YKNS01,39,6a,04,0.0,120,0,6000
YLAC01,39,6a,02,0.0,120,0,2000
YMAA01,41,10a,02,0.0,120,0,5000
YMAA02,21,25b,ZZZ5,0.0,120,0,4000
YMAA03,41,10a,02,0.0,120,0,8000
YMAF02,36,7c,05,0.0,120,0,1000
YMAFC0,21,25b,ZZZ5,0.0,120,0,999999
YMAO01,46,2b,05,0.0,120,0,2000
YMEE01,31,8a,06,0.0,120,0,2000
YMEE02,2,1a,03,0.0,120,0,4000
YMEE04,29,5a,01EXP,0.0,120,0,4000
YMEE05,30,7a,05,0.0,120,0,30000
YMEE07,46,2b,03,0.0,120,0,10000
YMEE08,20,25a,ZZZ,0.0,120,0,7500
YMEEC1,5,20a,STAND,0.0,120,0,999999
YMEEO3,47,2c,06,0.0,120,0,4000
YMEEO6,32,7b,05C,0.0,120,0,4000
YMEEOC,21,25b,ZZZ5,0.0,120,0,999999
YMEESA,5,20a,ZZZ5,0.0,30,0,999999
YNAA01,41,10a,02,0.0,120,0,3000
YRAA01,20,25a,ZZZ2,0.0,120,0,1000
YRAN01,39,6a,04,0.0,120,0,3000
YREN01,40,6b,04,0.0,120,0,1000
YREN02,21,25b,ZZZ5,0.0,120,0,4000
YREN03,33,1d,03C,0.0,30,0,2000
YRENC1,5,20a,CONS3,0.0,120,0,999999
YROA01,12,21b,SAMPL,0.0,30,0,500000000
YROA02,12,21b,SAMPL,0.0,30,0,999999
YROA11,12,21b,SAMPL,0.0,120,0,999999
YROA12,12,21b,SAMPL,0.0,120,0,999999
YROA13,12,21b,CONS,0.0,120,0,999999
YROA14,13,9a,SAMPL,0.0,30,0,999999
YROAL1,12,21b,SAMPL,0.0,30,0,999999
YROAL2,12,21b,SAMPL,0.0,30,0,999999
YROAL3,12,21b,SAMPL,0.0,30,0,999999
YROAL4,12,21b,SAMPL,0.0,30,0,999999
YROAL5,12,21b,SAMPL,0.0,30,0,999999
YROAL6,12,21b,SAMPL,0.0,30,0,999999
YROAL7,13,9a,SAMPL,0.0,30,0,999999
YROAL8,12,21b,SAMPL,0.0,120,0,999999
YROAL9,12,21b,SAMPL,0.0,120,0,999999
YROALV,12,21b,SAMPL,0.0,120,0,999999
YROMPB,13,9a,CONS,0.0,120,0,999999
YRUS01,25,11b,06,0.0,120,0,4000
YSTL01,20,25a,ZZZP,0.0,120,0,10000
YSTL02,41,10a,02,0.0,120,0,2000
YSTL03,41,10a,02,0.0,120,0,2000
YSTL04,21,25b,ZZZ5,0.0,120,0,10000
YSTLC1,5,20a,CONS2,0.0,30,0,999999
YSTLC2,5,20a,CONS2,0.0,120,0,999999
YSTLOC,21,25b,ZZZ5,0.0,30,0,999999
YTAL03,34,1e,03,0.0,120,0,5000
ZBOE01,4,1b,01,0.0,120,0,999999
ZDEI01,32,7b,05,0.0,120,0,10000
ZDOE01,30,7a,05,0.0,120,0,10000
ZDOE02,21,25b,ZZZ5,0.0,120,0,999999
ZHAY01,21,25b,ZZZ5,0.0,120,5,4000
ZHAY02,19,4b,03,0.0,120,0,2000
ZMAU01,37,11a,03,0.0,120,0,0
ZNAE01,46,2b,05,0.0,120,0,30000
ZNAEOC,5,20a,STAND,0.0,120,0,999999
ZNAO01,43,3a,06,0.0,120,0,2500
